time,open,high,low,close,ARO Regime (1 Trend / 0 Random / -1 Revert),ARO Hurst (smoothed),ARO Entropy (smoothed),ARO VR Composite,ARO Kalman Direction,ARO Innovation Z (smoothed),ARO volState (GARCH/EWMA),ARO Stop Distance (GARCH),Master Buy,Master Sell,Regime Flip,ARO Bounded Core,Pullback Score,Long Threshold,Short Threshold,PB Long,PB Short,Kalman Trend (price),Kalman Direction (kDir),Innovation Z (smoothed),VR Composite (gated),Regime (-1 Revert / 0 Rand / 1 Trend),volState (GARCH/EWMA),Suggested Stop Distance,Suggested Position %,Regime Hurst,Regime Entropy,ModeNum,ZoneForce Long,ZoneForce Short,Trailing ER short,Trailing ER long,Variance Ratio q short,Variance Ratio q long,Zone Count
2026-09-11T02:22:00Z,0.07762,0.07762,0.07761,0.07761,0,0.6142248975218724,0.8081077955689514,0.8553628431049887,-0.201278935183267,0.35780633628190606,0.8542284030326541,0.0000928813032747991,0,0,,-6.426786588369207,7.213395689225065,60,-60,,,0.07759475545772498,-0.21236897396930757,0.3303286224420908,0.8553628431049887,0,0.8542284030326541,0.0000928813032747991,100,0.5981229964076267,0.7568006820825599,1,0.00007453306344165286,0.1454593863272414,0.35135135135134327,0.184466019417471,0.827606346556693,0.8960625741632465,7
2026-09-11T02:23:00Z,0.07762,0.07762,0.07762,0.07762,0,0.6142248975218724,0.8081077955689514,0.8561613240099553,-0.11327041076396067,0.4207803294772444,0.8185232678706477,0.00008884849433734019,0,0,,0.6608192533403239,-0.33205688792566435,60,-60,,,0.07760483984257732,-0.1452575955693471,0.43428990616612406,0.8561613240099553,0,0.8185232678706477,0.00008884849433734019,100,0.590995649159387,0.7544829361776517,1,4.831312954012245e-7,0.4985512293038572,0.6129032258064459,0.2577319587628872,0.8288598872425389,0.8866566843972381,7
2026-09-11T02:24:00Z,0.07755,0.07756,0.07755,0.07756,0,0.6040933921343867,0.7957605975870632,0.8556700675084056,-0.14024483683404354,-0.13494029039815214,0.780425785188054,0.00008448676502908712,0,0,,55.27403050443434,-27.637015254610528,60,-60,,,0.07757714415917896,-0.16135694698577144,-0.09240509196757674,0.8556700675084056,0,0.780425785188054,0.00008448676502908712,100,0.5850876434741713,0.7518857126305453,1,0.0000745330634414258,8.659961455190427e-9,0.6470588235293926,0.47252747252748256,0.8280650054053759,0.8813101036052365,6
2026-09-11T02:25:00Z,0.07756,0.07756,0.07754,0.07755,0,0.6040933921343867,0.7957605975870632,0.8541590444548469,-0.18650955723746365,-0.20844270703747578,0.8000849029858934,0.00008641492032223182,0,0,,58.596359736072934,-29.298179868036467,60,-60,,,0.07755684668428438,-0.19340038625098988,-0.17062388956958027,0.8541590444548469,0,0.8000849029858934,0.00008641492032223182,100,0.5807816842606152,0.7494151240035587,1,0.0004234135998256624,0,0.5199999999999911,0.5111111111111145,0.8248367239332476,0.8774372727622118,6
2026-09-11T02:26:00Z,0.07755,0.07757,0.07754,0.07754,0,0.6040933921343867,0.7957605975870632,0.8529702400849306,-0.21900374404494172,-0.12767980119241373,0.7531092481867441,0.00008088704998354161,0,0,,-33.01821921088735,16.509655564489815,60,-60,,,0.07754102953699255,-0.21719378329804778,-0.1065607639635336,0.8529702400849306,0,0.7531092481867441,0.00008088704998354161,100,0.580275107429015,0.7473937333087515,1,0.0033070169087539903,0,0.666666666666686,0.40540540540541453,0.8266948744071649,0.8744903882830309,6
2026-09-11T02:27:00Z,0.07755,0.07758,0.07755,0.07758,-1,0.6040933921343867,0.7957605975870632,0.8486781670442101,-0.14192422872028,0.4393645362611561,0.7239911484111293,0.00007736996135511861,0,0,,-10.392948257165695,25.19647412861776,60,-60,,,0.07755675241103861,-0.15694825831118137,0.4552441120187723,0.8486781670442101,-1,0.7239911484111293,0.00007736996135511861,100,0.5799602478875978,0.7466751351037031,1,6.718431661727204e-10,2.2735574152488178e-7,0.36000000000002663,0.2972972972972983,0.8130318848899262,0.867156157035612,6
2026-09-11T02:28:00Z,0.0776,0.07773,0.07757,0.07773,-1,0.6040933921343867,0.7957605975870632,0.840010408748626,0.1372754089384704,1.7983306784911108,0.7498952928617011,0.00007990775739478872,0,0,,82.92805091492905,-30.92573822386023,60,-60,,,0.07763474420169848,0.056852646019333125,1.847788174989462,0.840010408748626,-1,0.7498952928617011,0.00007990775739478872,100,0.575462742259984,0.7471463068308727,1,0.4428399073365047,13.172172036211379,0.14999999999997746,0.06818181818182392,0.8015452389105971,0.8438045454043185,6
2026-09-11T02:29:00Z,0.07769,0.07769,0.07762,0.07763,-1,0.6040933921343867,0.7957605975870632,0.8295880782650065,0.2304996872918266,0.635808512873308,0.9789182402955956,0.00010377024544028232,0,0,,3.1273744688942156,-9.631230975609004,60,-60,,,0.07764482495126337,0.1427303192310923,0.7563161551174198,0.8295880782650065,-1,0.9789182402955956,0.00010377024544028232,100,0.580898811466938,0.7486573792695369,1,0.00007453306344163497,4.319517335305231,0.12195121951222154,0.07865168539326017,0.7910182831018521,0.8264685514936829,8
2026-09-11T02:30:00Z,0.07762,0.07766,0.07762,0.07762,-1,0.6040933921343867,0.7957605975870632,0.8240515652744881,0.20871483778678537,-0.06204811846373526,1.0027001548502763,0.00010608498660805,0,0,,-79.0162581137913,31.508358367992066,60,-60,,,0.07764368286440977,0.15561409922134442,0.09327313616358723,0.8240515652744881,-1,1.0027001548502763,0.00010608498660805,100,0.5874275318333211,0.7487681429665549,1,0.0005804149725413949,0.6494926693473281,0.049999999999982656,0.046511627906991,0.7931024997293519,0.8328545788575511,8
2026-09-11T02:31:00Z,0.07763,0.07763,0.0776,0.0776,-1,0.6040933921343867,0.7957605975870632,0.8197280238671546,0.09875438380306287,-0.47140980218329004,0.911112828084219,0.00009616423347435408,0,0,,-76.89901161918162,30.449534467185366,60,-60,,,0.07762648420066104,0.10431771807588859,-0.3544822438370082,0.8197280238671546,-1,0.911112828084219,0.00009616423347435408,100,0.5914676515759766,0.7492359488338654,1,0.00007453306344151807,0.003318942582928693,0.024390243902430768,0.18987341772151586,0.793282625235616,0.828879256869359,7
2026-09-11T02:32:00Z,0.07756,0.07756,0.07752,0.07756,-1,0.6040933921343867,0.7957605975870632,0.8181070970863275,-0.06060745965914008,-0.7204204283590556,0.8558070091465526,0.00008994726651565245,0,0,,-23.720990711829977,23.961663777764596,60,-60,,,0.07759275820331124,-0.0019548757156165747,-0.7036777787770665,0.8181070970863275,-1,0.8558070091465526,0.00008994726651565245,100,0.5960272281947591,0.7496186990889375,1,0.852986480022115,5.282741294726394e-9,0.11111111111110426,0.2195121951219504,0.8023695634517704,0.8273609235975757,7
2026-09-11T02:33:00Z,0.07757,0.07757,0.07749,0.07749,-1,0.6040933921343867,0.7957605975870632,0.8170047271096554,-0.2638311843078561,-0.9906575628985234,0.8348052844804233,0.00008741519873088604,0,0,,-17.545075322103592,21.595783558973988,60,-60,,,0.07753565642366216,-0.1610408046366975,-1.0858356412549732,0.8170047271096554,-1,0.8348052844804233,0.00008741519873088604,100,0.5998513609816531,0.749931858388542,1,9.384352962965655,4.876876956431592,0.2549019607843052,0.3902439024390248,0.8052797240843177,0.8243202502283051,7
2026-09-11T02:34:00Z,0.07749,0.07753,0.07744,0.07753,-1,0.6068934076404254,0.7876843207960994,0.8180519810064327,-0.3148758151033736,-0.2506119759816784,0.8692841577958393,0.00009092249758501033,0,0,,-20.922943763679655,22.4614796790953,60,-60,,,0.07752178861287763,-0.22099518805665977,-0.4237953105391209,0.8180519810064327,-1,0.8692841577958393,0.00009092249758501033,100,0.603422654879098,0.7501880796336731,1,0.00007453306344171641,0.00007453306344171641,0.061224489795924146,0.3012048192771096,0.8175102665549598,0.8227827110450144,7
2026-09-11T02:35:00Z,0.07749,0.07749,0.07746,0.07747,-1,0.6068934076404254,0.7876843207960994,0.8189107796739574,-0.3661931572078226,-0.2594838149102725,0.8390769469182926,0.00008754957788316076,0,0,,23.487388281345392,-3.7436941406726962,60,-60,,,0.07748588783100799,-0.2846560334892342,-0.4566101154977708,0.8189107796739574,-1,0.8390769469182926,0.00008754957788316076,100,0.6055080860227181,0.7503977151978711,1,6.3015769054200135,0,0.14814814814814625,0.2658227848101293,0.8206417346506854,0.8206150193673284,7
2026-09-11T02:36:00Z,0.07747,0.07758,0.07747,0.07758,-1,0.6068934076404254,0.7876843207960994,0.8110153727304525,-0.21225643358269863,0.8134844503065526,0.8414883671191629,0.00008785727140755088,0,0,,32.40138084764938,-12.62727459260023,60,-60,,,0.07751917367213089,-0.19775682299230346,0.6463998464444642,0.8110153727304525,-1,0.8414883671191629,0.00008785727140755088,100,0.6019287624812937,0.751405540162586,1,0,2.6331233892859873,0.06249999999999865,0.13636363636364784,0.806125416471488,0.7843237012153973,7
2026-09-11T02:37:00Z,0.07756,0.07767,0.07756,0.07767,-1,0.6068934076404254,0.7876843207960994,0.7983233119487735,0.04844984180442047,1.4626541816391891,0.9280644529940086,0.00009709810059045175,0,0,,55.3098690953621,-54.85164787493175,60,-60,,,0.07757988721212276,-0.026856424080125063,1.4016107475237543,0.7983233119487735,-1,0.9280644529940086,0.00009709810059045175,100,0.5988026541229086,0.7522301242246254,1,0.00007453306344163923,98.34307609862422,0.13043478260870614,0,0.8091045045376917,0.736773876233139,8
2026-09-11T02:38:00Z,0.07768,0.07768,0.07768,0.07768,-1,0.6068934076404254,0.7876843207960994,0.7895229630767505,0.29177728106598405,1.2175420051185917,0.9324711042722938,0.00009778304109095138,0,0,,26.44988268596034,-13.224973294953502,60,-60,,,0.07763457662938768,0.1500014830880302,1.310099180358765,0.7895229630767505,-1,0.9324711042722938,0.00009778304109095138,100,0.5922425749661651,0.7516912979298092,1,93.17877069800139,0.0002416038945166855,0.09090909090908174,0.010526315789469685,0.8283572795362839,0.7154872511291251,8
2026-09-11T02:39:00Z,0.07768,0.0777,0.07768,0.07768,-1,0.6068934076404254,0.7876843207960994,0.7883156757580142,0.42401573864292996,0.5922466953041096,0.86193096143852,0.0000896217915623568,0,0,,-14.087410717676711,-6.444083215126055,60,-60,,,0.07767000153624568,0.27400659419558493,0.8186431688761122,0.7883156757580142,-1,0.86193096143852,0.0000896217915623568,100,0.5878107099766021,0.7508206056891109,1,92.45434177430698,0.00006915167409207359,0.11111111111109741,0.11627906976744712,0.8532684651365533,0.71853373710453,8
2026-09-11T02:40:00Z,0.07768,0.07778,0.07768,0.07774,-1,0.6068934076404254,0.7876843207960994,0.7832031536378,0.5130070845376964,0.45769272835144276,0.8222645663561304,0.00008507647681931401,0,0,,-3.755652596623414,5.878894213027188,60,-60,,,0.07771966277269153,0.37767881349016036,0.7375656694334176,0.7832031536378,-1,0.8222645663561304,0.00008507647681931401,100,0.5893743368307055,0.7512535321418934,1,0.0568697283896537,7.960336821310183,0.24000000000001775,0.15555555555555967,0.8282883486816054,0.7176678701131377,8
2026-09-11T02:41:00Z,0.07774,0.07778,0.07774,0.07778,-1,0.6068934076404254,0.7876843207960994,0.7763221500823522,0.5791960296262345,0.2911355992849092,0.8336668988688005,0.0000860485406889248,0,0,,23.00053001805385,-3.6427404966048798,60,-60,,,0.07776712560853506,0.4678493862364841,0.5785931258461174,0.7763221500823522,-1,0.8336668988688005,0.0000860485406889248,100,0.5934016436857269,0.751341770292525,1,12.19504889020971,1.2388887340084906,0.34615384615384104,0.1827956989247376,0.804061317168371,0.7210589687745421,8
2026-09-11T02:43:00Z,0.07778,0.07778,0.07766,0.07766,-1,0.6068934076404254,0.7876843207960994,0.76154007285751,0.3794356041969503,-1.047968531054164,0.8232109715548795,0.00008468744988863189,0,0,,-17.19760771470193,4.598828611420959,60,-60,,,0.07773283260255434,0.35350053612477905,-0.8131284731942976,0.76154007285751,-1,0.8232109715548795,0.00008468744988863189,100,0.5900580928693244,0.7525395334412944,1,0.0002878780631006036,74.93531235487828,0.16666666666667052,0.04761904761905643,0.7637670767971358,0.7001847600185155,8
2026-09-11T02:44:00Z,0.07766,0.07768,0.07765,0.07765,-1,0.6068934076404254,0.7876843207960994,0.7635570068401736,0.15350238150164675,-1.2233404632521598,0.9666614071816602,0.00009966625042713777,0,0,,-38.133670827074376,15.067153798696229,60,-60,,,0.0777052489317796,0.210651712068872,-1.1151515734118456,0.7635570068401736,-1,0.9666614071816602,0.00009966625042713777,100,0.5877196113378221,0.7513348374607348,1,0.0016698374540662813,38.43983720500625,0.29629629629627724,0.028571428571430836,0.7936441453535282,0.7415376042574734,8
2026-09-11T02:45:00Z,0.07761,0.07765,0.07761,0.07765,-1,0.604937363197496,0.7800896634783026,0.7654115673933378,-0.036517378568129394,-0.9590599743603518,0.8923469705000422,0.00009214382709093299,0,0,,-3.0508150352026298,9.525408654534267,60,-60,,,0.07767854180344047,0.0734685142432866,-0.9978287379685604,0.7654115673933378,-1,0.8923469705000422,0.00009214382709093299,100,0.5892497116771842,0.7503491771130043,1,0.00007453306344171137,36.25669191371404,0.23999999999998334,0.09090909090908326,0.7956820981552101,0.7425592788441222,8
2026-09-11T02:46:00Z,0.07762,0.07762,0.07758,0.07758,-1,0.604937363197496,0.7800896634783026,0.7670256213233506,-0.2510844163544623,-1.049712722470939,0.8427040756145218,0.00008703644703676873,0,0,,2.9398098589708352,6.530094944419119,60,-60,,,0.0776238312978302,-0.10397104262922074,-1.2209990578636698,0.7670256213233506,-1,0.8427040756145218,0.00008703644703676873,100,0.5949160890542758,0.7499528193856086,1,0.0000745330634415386,0.000008578477542628996,0.21568627450979752,0.028571428571430836,0.8052321179447314,0.7352753404220209,7
2026-09-11T02:47:00Z,0.0776,0.07761,0.0776,0.07761,-1,0.604937363197496,0.7800896634783026,0.7671867916178086,-0.32479663730827457,-0.31680749871254854,0.8664549658595386,0.0000897367105572099,0,0,,-0.6389875095387875,8.319493754770154,60,-60,,,0.0776077351746682,-0.19277225753086405,-0.5732022776704581,0.7671867916178086,-1,0.8664549658595386,0.0000897367105572099,100,0.5973913767451113,0.748502958401305,1,2.373051066237376e-10,0.02792303302352266,0.06976744186046811,0.06542056074766403,0.8044689531061735,0.7305493113072753,7
2026-09-11T02:48:00Z,0.07765,0.07765,0.07765,0.07765,-1,0.604937363197496,0.7800896634783026,0.765474828187006,-0.23715441914319563,0.46124398461317273,0.8326050833663213,0.0000864273212605639,0,0,,2.162292993526351,6.601823811227943,60,-60,,,0.07762260269122402,-0.16453133297131387,0.20643880760915467,0.765474828187006,-1,0.8326050833663213,0.0000864273212605639,100,0.5962646537166116,0.7478812069720436,1,0,29.323472162008684,0.052631578947383795,0.06542056074766403,0.8012049001909893,0.7228969024598123,7
2026-09-11T02:49:00Z,0.07767,0.07767,0.07762,0.07762,-1,0.604937363197496,0.7800896634783026,0.7674203343195882,-0.1725723165495275,0.3381383237694715,0.7976038125142948,0.00008281936698073189,0,0,,-5.566011114670385,-13.216992368405512,60,-60,,,0.07761737842456924,-0.14373513644904387,0.15343204118705145,0.7674203343195882,-1,0.7976038125142948,0.00008281936698073189,100,0.5987074995161203,0.7463569543574189,1,0.00007453306344171178,0.18015590675545373,0.15000000000000693,0.11578947368420868,0.811286358319428,0.7313363348500775,7
2026-09-11T02:50:00Z,0.07762,0.07767,0.0776,0.0776,-1,0.604937363197496,0.7800896634783026,0.7721270075899854,-0.15279308538213301,0.09968155797314837,0.7754384058902624,0.00008039960026289271,0,0,,-14.591414349602097,-12.702418523936764,60,-60,,,0.07760460287700094,-0.14512708838517474,-0.01153527563152798,0.7721270075899854,-1,0.7754384058902624,0.00008039960026289271,100,0.6011352665638894,0.7433023355947416,1,0.02569046724710689,0.0009177130802823097,0.19047619047618103,0.034482758620691854,0.8176145917269279,0.7454661165346317,7
2026-09-11T02:51:00Z,0.07758,0.07767,0.07758,0.07767,-1,0.604937363197496,0.7800896634783026,0.7728923560804805,-0.025988256308564273,0.7075437278476083,0.7647213326186653,0.00007797981262230092,0,0,,34.87575973229954,-50.28514723166427,60,-60,,,0.07763358887892811,-0.05775361666291161,0.6628480026137321,0.7728923560804805,-1,0.7647213326186653,0.00007797981262230092,100,0.6007873169025498,0.7417118136101286,1,0,96.61304868958429,0.16279069767442012,0.05376344086022404,0.8114473571742217,0.7373987489487194,7
2026-09-11T02:52:00Z,0.07762,0.07762,0.07762,0.07762,-1,0.604937363197496,0.7800896634783026,0.7720596999111001,0.006518955299927229,0.1715373486222126,0.8253205783007322,0.00008301553996369138,0,0,,45.926250557681875,-35.021152012253125,60,-60,,,0.07762805313426915,-0.030506241347829144,0.19650862231033572,0.7720596999111001,-1,0.8253205783007322,0.00008301553996369138,100,0.6017099954959727,0.7404104774408998,1,0.00014555672940706895,0.2526952786590262,0.36363636363637225,0.0208333333333249,0.8061347390341259,0.7346540361105529,7
2026-09-11T02:53:00Z,0.07759,0.07761,0.07757,0.07761,-1,0.604937363197496,0.7800896634783026,0.7705767319444533,-0.013395095425310848,-0.11063645467340494,0.8225702883490575,0.00008189619529240293,0,0,,19.187121236442078,-17.595257684385004,60,-60,,,0.07761894100336603,-0.03713138550116418,-0.05717903792907586,0.7705767319444533,-1,0.8225702883490575,0.00008189619529240293,100,0.6063309230633815,0.7389685668235988,1,0.002035984466626259,0.01768963820106332,0.1515151515151719,0.05376344086020832,0.8007885146122509,0.7344330774100686,7
2026-09-11T02:54:00Z,0.07746,0.07747,0.07746,0.07747,-1,0.604937363197496,0.7800896634783026,0.7638186863983376,-0.22519161855124128,-1.2811305893764062,0.7914782732682459,0.00007798313333111893,0,0,,68.06559177084515,-38.03282125110792,60,-60,,,0.07754706653819118,-0.17956050649861496,-1.2603697394829596,0.7638186863983376,-1,0.7914782732682459,0.00007798313333111893,100,0.6040279360912184,0.7399735057844506,1,0.00007453306344156878,0.00007453306344156878,0.3913043478260843,0.02000000000000583,0.7837476890517585,0.7168575015604538,7
2026-09-11T02:55:00Z,0.07749,0.07753,0.07749,0.07753,-1,0.5934886027317173,0.7740558587804218,0.7578630659733108,-0.3153369368923281,-0.5335470718135693,0.9818718784169177,0.00009636980838063131,0,0,,99.57283476897928,-49.78645449183169,60,-60,,,0.07752706870307183,-0.2483663398979818,-0.59462902994721,0.7578630659733108,-1,0.9818718784169177,0.00009636980838063131,100,0.5927445260083992,0.7412335479399975,1,0.00007453306344159063,0.00007453306344159063,0.23076923076921846,0,0.7864309379436419,0.7054727123028725,7
2026-09-11T02:56:00Z,0.07754,0.07755,0.07749,0.07749,-1,0.5934886027317173,0.7740558587804218,0.7546239176833468,-0.36761478776661793,-0.29441269064674513,0.947422458699185,0.00009230218706856886,0,0,,-2.347782791805696,-18.819097511630087,60,-60,,,0.07749842215023972,-0.29874219774827315,-0.4104994003517854,0.7546239176833468,-1,0.947422458699185,0.00009230218706856886,100,0.5819404858862548,0.7422644915218086,1,0.5972522238033472,0,0.18367346938773893,0.02000000000000583,0.7945763966824314,0.7017148455244061,7
2026-09-11T02:57:00Z,0.07744,0.07744,0.07742,0.07742,-1,0.5934886027317173,0.7740558587804218,0.758686338512594,-0.4600660586839013,-0.45964222783416825,0.8731187725665934,0.00008437182684771423,0,0,,-90.3333108066848,32.15838400921047,60,-60,,,0.07744663920949801,-0.38256979045323647,-0.6133823980165839,0.758686338512594,-1,0.8731187725665934,0.00008437182684771423,100,0.5747331792622706,0.7419602233759229,1,6.623755022707911,6.22854489455401,0.35849056603772594,0.16666666666665703,0.8157015323340302,0.7179208280081467,7
2026-09-11T02:58:00Z,0.07744,0.07748,0.07744,0.07746,-1,0.5934886027317173,0.7740558587804218,0.7582981347803995,-0.4221392255625531,0.18938659576517097,0.8673843965972695,0.00008288662894190297,0,0,,-38.515116134673704,9.915536185453778,60,-60,,,0.077438317530492,-0.377266746542422,0.029811763968794036,0.7582981347803995,-1,0.8673843965972695,0.00008288662894190297,100,0.569255852642522,0.7424824887406615,1,13.80225939770203,0,0.35849056603772594,0.23076923076923078,0.8118983538190125,0.7031451008130082,7
2026-09-11T02:59:00Z,0.07746,0.0775,0.07746,0.0775,-1,0.5934886027317173,0.7740558587804218,0.7477345821224258,-0.2639786059052855,0.7894441843273097,0.8441585762955112,0.0000798926272541725,0,0,,18.718308183055832,2.640845908444806,60,-60,,,0.07745976628410528,-0.27761187688015254,0.6893720647769631,0.7477345821224258,-1,0.8441585762955112,0.0000798926272541725,100,0.5672737911533672,0.7432384853772918,1,0.07127418201917451,2.9145666285260374e-10,0.22222222222221366,0.19148936170212516,0.7990597426283605,0.6541552109845966,7
2026-09-11T03:00:00Z,0.07752,0.07761,0.07748,0.07761,-1,0.5934886027317173,0.7740558587804218,0.7261383500884118,0.02991353156719917,1.5669989437243652,0.8506711871142965,0.00007993613706092869,0,0,,68.89453471157476,-22.72736197249975,60,-60,,,0.07752638854042897,-0.06227187878241852,1.575686745904962,0.7261383500884118,-1,0.8506711871142965,0.00007993613706092869,100,0.5651729140560775,0.7449704531157972,1,0.00007453306344163565,0.8131112805536174,0.01587301587300958,0.06666666666666667,0.7686880614030883,0.5972037106376791,7
2026-09-11T03:01:00Z,0.07762,0.07762,0.07757,0.07757,-1,0.5934886027317173,0.7740558587804218,0.7084023815723783,0.20002221840866383,0.8910479585241937,0.9842493328803328,0.000091847466297955,0,0,,22.84074511338709,-19.42037535446531,60,-60,,,0.07755141939966963,0.07606558000514896,1.0189514267002981,0.7084023815723783,-1,0.9842493328803328,0.000091847466297955,100,0.5596059484629096,0.7467909205939269,1,0.4561459961259632,0.00002449807790953031,0.16666666666667052,0.16504854368932326,0.7597259422353663,0.5861349468452565,7
2026-09-11T03:02:00Z,0.07759,0.07759,0.07759,0.07759,-1,0.5934886027317173,0.7740558587804218,0.6933013845965015,0.30019954189777903,0.46893350485747076,0.9203772239991515,0.00008531527311351025,0,0,,-32.154381932066094,8.0778155684424,60,-60,,,0.07757852932238904,0.17807878521586126,0.6838931797295087,0.6933013845965015,-1,0.9203772239991515,0.00008531527311351025,100,0.5648121099309574,0.7471079390906846,1,0.0038850220207845253,0.0028885623314643563,0.05263157894734792,0.18811881188118187,0.7680751449108857,0.5581236363786101,7
2026-09-11T03:03:00Z,0.07762,0.07762,0.07759,0.0776,-1,0.5934886027317173,0.7740558587804218,0.6768094729458666,0.33350642610685866,0.12705607616052966,0.8632513527547435,0.0000793024400018903,0,0,,-29.910672861034765,6.955351253152454,60,-60,,,0.0775985074991649,0.23901100341500742,0.3681173189672988,0.6768094729458666,-1,0.8632513527547435,0.0000793024400018903,100,0.5730182868476044,0.746075118975743,1,0.00009911268221330571,0.021466182984968447,0.01754385964911597,0.06666666666667077,0.7403143795117881,0.5473369197774056,7
2026-09-11T03:04:00Z,0.07762,0.07762,0.07755,0.07755,-1,0.5934886027317173,0.7740558587804218,0.661619805005674,0.21830018931114023,-0.5610297189042341,0.822787589806326,0.00007486153083757596,0,0,,-47.018778114450555,16.603282588611577,60,-60,,,0.07758040749944252,0.18291062396348873,-0.3634745416965909,0.661619805005674,-1,0.822787589806326,0.00007486153083757596,100,0.5838458809681735,0.7456199269361011,1,4.653007054856267,3.490364609286385e-10,0.16666666666665703,0.10638297872340614,0.7235441534838539,0.5389367847667234,7
2026-09-11T03:05:00Z,0.07757,0.07757,0.07752,0.07756,-1,0.5968081512464539,0.7685132595035656,0.6508006645086593,0.11251091074089316,-0.5276297397453226,0.8338750028138474,0.00007519385708635967,0,0,,-4.6445806439172195,18.32229205283273,60,-60,,,0.07757343861006158,0.12074821295463511,-0.41856996296186255,0.6508006645086593,-1,0.8338750028138474,0.00007519385708635967,100,0.5889186516217362,0.7452474970854851,1,0.00007453306344170211,1.5337804336879924e-8,0.06976744186046811,0.09473684210525363,0.7240322700514614,0.5342924969777985,6
2026-09-11T03:06:00Z,0.07755,0.07755,0.07753,0.07753,-1,0.5968081512464539,0.7685132595035656,0.6568612380489757,-0.016913385067493944,-0.6395899607210618,0.8136763403851119,0.00007267084015684903,0,0,,-3.5043198645119573,17.754433404759673,60,-60,,,0.07755143986351982,0.028354094088929555,-0.6192736719029679,0.6568612380489757,-1,0.8136763403851119,0.00007267084015684903,100,0.5884263768197723,0.7469267795408446,1,0.12975256777897592,0,0.09523809523808736,0.05494505494504757,0.7684973911273545,0.5694673791318625,6
2026-09-11T03:07:00Z,0.07757,0.07757,0.07751,0.07753,-1,0.5968081512464539,0.7685132595035656,0.6616585619724312,-0.0990867877593249,-0.41103249093035393,0.8186745153793423,0.0000722988244731695,0,0,,-24.70938215159198,4.354700284125727,60,-60,,,0.07753845262303269,-0.040017772857056544,-0.46614503500235654,0.6616585619724312,-1,0.8186745153793423,0.0000722988244731695,100,0.5928770030245533,0.7482003243480547,1,0.000074533063441631,0.000074533063441631,0.3142857142856962,0.09090909090908518,0.7718744962100008,0.5706319234286836,7
2026-09-11T03:08:00Z,0.07751,0.07751,0.07748,0.07749,-1,0.5968081512464539,0.7685132595035656,0.6783499604620794,-0.19886759707699153,-0.5063843671427953,0.8134293386773358,0.00007107227210082101,0,0,,-9.679195901204032,-3.0977231355621395,60,-60,,,0.07751013508924626,-0.12800572002160338,-0.6126633103655139,0.6783499604620794,-1,0.8134293386773358,0.00007107227210082101,100,0.5955748074449405,0.7456566821488212,1,1.2951264645454068,0,0.08571428571428798,0.18181818181817036,0.8128756440348046,0.6105898708479472,7
2026-09-11T03:09:00Z,0.07747,0.07747,0.07744,0.07745,-1,0.5968081512464539,0.7685132595035656,0.7029611232368141,-0.31385353676926026,-0.5897896550834348,0.8354310405714298,0.00007230765219855353,0,0,,-21.472289672809108,-5.2054761730805446,60,-60,,,0.07747350389026685,-0.23147721720138392,-0.7352576393043453,0.7029611232368141,-1,0.8354310405714298,0.00007230765219855353,100,0.5980133943372072,0.7446336526364421,1,0.5437612048316309,18.588448273136006,0.1428571428571202,0.1910112359550411,0.8537582237942631,0.650608673778304,7
2026-09-11T03:10:00Z,0.07747,0.07757,0.07747,0.07752,-1,0.5968081512464539,0.7685132595035656,0.7156315648779655,-0.24578391033821556,0.3519856734407455,0.8573275011526766,0.00007378547854276595,0,0,,-17.16766941697661,-7.415802956149523,60,-60,,,0.07748425174869664,-0.20438353412510635,0.19765858674116643,0.7156315648779655,-1,0.8573275011526766,0.00007378547854276595,100,0.5990837102726544,0.7445297759438735,1,0.004221136292536892,0.00000975788308323751,0.29032258064512084,0.08510638297871775,0.8464955084405283,0.6354493878800079,7
2026-09-11T03:11:00Z,0.07752,0.07752,0.07746,0.07746,-1,0.5968081512464539,0.7685132595035656,0.7228605596730738,-0.2243671365594439,0.10771879291803937,0.9325498751216624,0.00007973401393143557,0,0,,-5.482859512484573,-8.731918939430283,60,-60,,,0.07746732537846888,-0.2038103297951305,-0.006480049178038932,0.7228605596730738,-1,0.9325498751216624,0.00007973401393143557,100,0.5964481946763986,0.7446432520711395,1,19.210826143848323,0,0.3333333333333053,0.22580645161289842,0.8416821091267609,0.6329549893998201,7
2026-09-11T03:12:00Z,0.07745,0.07753,0.07745,0.07753,-1,0.5968081512464539,0.7685132595035656,0.7263148059568801,-0.09996550187233694,0.6335623850007788,0.9520805454542398,0.00008116208961065241,0,0,,34.692644949792246,-25.346331980237718,60,-60,,,0.0774886714813252,-0.12884365770465522,0.5718559497252549,0.7263148059568801,-1,0.9520805454542398,0.00008116208961065241,100,0.5956295302303284,0.7454844834492231,1,0.00007453306344154322,0.00005479744544364186,0.1578947368421091,0.09473684210525363,0.8368772910974825,0.6295693059515033,7
2026-09-11T03:13:00Z,0.07756,0.0777,0.07755,0.0777,-1,0.5968081512464539,0.7685132595035656,0.7209090537982366,0.20304898811049082,1.6979996740509444,1.004795120770456,0.00008569713408350591,0,0,,53.89123514069973,-36.11086645415142,60,-60,,,0.07757137308138894,0.07192169477242707,1.735914919838814,0.7209090537982366,-1,1.004795120770456,0.00008569713408350591,100,0.5963014673601056,0.7493473187151691,1,1.1520185121870317,19.16916125717318,0.18518518518518137,0.08108108108108514,0.8124963601080034,0.6076987388538956,7
2026-09-11T03:14:00Z,0.07772,0.07776,0.07772,0.07776,-1,0.5968081512464539,0.7685132595035656,0.7220829229822041,0.5058197038815322,1.622918451907943,1.3209655786589751,0.0001133939720179579,0,0,,24.416757560113865,-12.208378780056933,60,-60,,,0.0776478894687544,0.2761628531107513,1.7923454866427897,0.7220829229822041,-1,1.3209655786589751,0.0001133939720179579,100,0.6012742241179725,0.7526156826537453,1,0.15875910394314932,0,0.38181818181817906,0.2815533980582464,0.8244823501677012,0.6243789725325771,7
2026-09-11T03:15:00Z,0.07776,0.07779,0.07775,0.07777,-1,0.5951145018625592,0.76795766780563,0.730833255329998,0.7357789409899562,1.0539647713973368,1.2047688805308785,0.00010389488005393926,0,0,,11.92629395535869,-5.963151422195464,60,-60,,,0.07772233054869779,0.46627791887039394,1.3887065941477572,0.730833255329998,-1,1.2047688805308785,0.00010389488005393926,100,0.5987685614847107,0.7549505594739588,1,0.00007453306344167139,0.00007453306344167139,0.38181818181817906,0.24489795918367202,0.862739618925799,0.6339282211253725,6
2026-09-11T03:16:00Z,0.07775,0.07777,0.07775,0.07775,-1,0.5951145018625592,0.76795766780563,0.7463874959161295,0.7685302253312849,0.1695617813835253,1.0851627647654245,0.0000937099064240648,0,0,,-13.609996901200644,-13.194601092691602,60,-60,,,0.07775770029426018,0.5579496551301572,0.5922490633063793,0.7463874959161295,-1,1.0851627647654245,0.0000937099064240648,100,0.5953269051811786,0.7558893799728841,1,0.005884743559957151,1.3435848274941084e-8,0.40740740740739406,0.270833333333321,0.9019724430036745,0.6530195111731103,6
2026-09-11T03:17:00Z,0.07761,0.07762,0.07758,0.07758,-1,0.5951145018625592,0.76795766780563,0.7433053248215954,0.40710849764224816,-1.3492648777018272,1.0150693629507777,0.00008760073558517615,0,0,,-66.52131422627174,17.26065711313587,60,-60,,,0.07768841504282521,0.34776072700428956,-1.0173001851161365,0.7433053248215954,-1,1.0150693629507777,0.00008760073558517615,100,0.5949827980803413,0.7580164245520465,1,0,14.555526018236412,0.07042253521125824,0.15094339622640424,0.8556858935672377,0.6185960716978167,6
2026-09-11T03:18:00Z,0.07773,0.0778,0.07773,0.07779,-1,0.5951145018625592,0.76795766780563,0.7181027363112075,0.29953336681265225,-0.24950512543969405,1.3228010471149967,0.00011546948929783284,0,0,,-8.480461056078433,12.240232595119288,60,-60,,,0.07772913532153067,0.28251687052189167,-0.08311235100871595,0.7181027363112075,-1,1.3228010471149967,0.00011546948929783284,100,0.5949045651989494,0.761910154224067,1,0.0000487492379670928,0.13808001079002377,0.3409090909090773,0.2682926829268188,0.7691071750814817,0.5662879434993817,6
2026-09-11T03:19:00Z,0.07779,0.0778,0.07779,0.0778,-1,0.5951145018625592,0.76795766780563,0.7095339841498526,0.30745965282062493,0.09391351423004807,1.582541581426948,0.00014006208502656187,0,0,,52.13397361914212,-18.156478214525357,60,-60,,,0.07776618015294448,0.2888633276673642,0.17330493588931722,0.7095339841498526,-1,1.582541581426948,0.00014006208502656187,100,0.5931687336604956,0.7633096658424229,1,4.3656467241267307e-7,0.3433131938419558,0.4117647058823318,0.24999999999998843,0.7732724210960499,0.6115205385582361,6
2026-09-11T03:20:00Z,0.07779,0.07779,0.07779,0.07779,-1,0.5951145018625592,0.76795766780563,0.7049894164209057,0.32091305785800645,0.04427349846081447,1.328364040208624,0.00011792138732906876,0,0,,9.661035700806273,3.1679427455152727,60,-60,,,0.07778958649143973,0.3027268286036837,0.09054590766329092,0.7049894164209057,-1,1.328364040208624,0.00011792138732906876,100,0.5904856623714259,0.7639625661727527,1,0.0000010812238373472556,0.03186830334271305,0.34177215189871907,0.16363636363635858,0.7683720553864344,0.6234285065395894,6
2026-09-11T03:21:00Z,0.07779,0.07779,0.0777,0.07772,-1,0.5951145018625592,0.76795766780563,0.7004133112876253,0.18274594929022683,-0.40764953664173187,1.1583642935481793,0.00010265502658926176,0,0,,-27.215220183620712,2.046273060957372,60,-60,,,0.07775973457875049,0.20259964974997396,-0.39656610401700854,0.7004133112876253,-1,1.1583642935481793,0.00010265502658926176,100,0.5891298372253064,0.7648343157566714,1,3.223659159744892,0,0.32499999999999174,0.1327433628318521,0.7665015792410009,0.6160206228011281,6
2026-09-11T03:22:00Z,0.0777,0.07779,0.0777,0.07779,-1,0.5951145018625592,0.76795766780563,0.6990064393654725,0.15475445556686768,-0.05771155274073814,1.106692627299364,0.00009820412157222638,0,0,,20.193790953266554,-6.096903002158786,60,-60,,,0.07777982855236984,0.17640484837577725,-0.08428626134110151,0.6990064393654725,-1,1.106692627299364,0.00009820412157222638,100,0.5892509639903823,0.7652474951666991,1,0.00007453306344147875,0.00007453306344147875,0.32499999999999174,0.16949152542371784,0.7737794638838924,0.6186059271584411,6
2026-09-11T03:23:00Z,0.07774,0.07774,0.07774,0.07774,-1,0.5951145018625592,0.76795766780563,0.6949102380102085,0.07539255227642097,-0.27274613256668956,1.0618873645739162,0.00009425473753239069,0,0,,51.073654875425966,-21.536827437712986,60,-60,,,0.0777624999721999,0.10734462613948567,-0.31400920167726337,0.6949102380102085,-1,1.0618873645739162,0.00009425473753239069,100,0.5895233376099,0.7658655393945263,1,1.1253143744923777,0,0.058823529411762304,0.11475409836065424,0.7696489888424147,0.6037866817569458,6
2026-09-11T03:24:00Z,0.07776,0.07778,0.07776,0.07778,-1,0.5951145018625592,0.76795766780563,0.6902957719658901,0.06645188602635549,-0.021683454854870277,1.0115501462010998,0.00008987609590365663,0,0,,15.996982214466076,-3.9984911637913676,60,-60,,,0.07777369097947767,0.09093127480532065,-0.07328011189414779,0.6902957719658901,-1,1.0115501462010998,0.00008987609590365663,100,0.5916369661896828,0.7663712119445667,1,0.00027479015133582133,7.07112498257785e-7,0.030303030303039224,0.19008264462810315,0.7699791099796859,0.5921545697748205,6
2026-09-11T03:25:00Z,0.07778,0.07778,0.07775,0.07775,-1,0.5995831235970728,0.767817213394936,0.685959915735938,0.022251147153476585,-0.1666336845808927,0.9526028201665463,0.00008447829768901833,0,0,,2.778792896158327,-13.389397483638898,60,-60,,,0.07776205222054464,0.047367121843529425,-0.2166823296145754,0.685959915735938,-1,0.9526028201665463,0.00008447829768901833,100,0.5967378671374466,0.766519204054066,1,0.00007453306344155356,0.00007453306344155356,0.029411764705891356,0.15447154471544255,0.7702339096755604,0.5843424968765067,7
2026-09-11T03:26:00Z,0.07773,0.07782,0.07773,0.07782,-1,0.5995831235970728,0.767817213394936,0.678391858072489,0.09140680685234118,0.3114394137581581,0.9189595951524534,0.00008144873754177637,0,0,,35.84415760561089,-32.37910730208027,60,-60,,,0.07779400544352275,0.09288488226706221,0.2696664030391887,0.678391858072489,-1,0.9189595951524534,0.00008144873754177637,100,0.5974597927765474,0.7675327270036434,1,0,13.709506170066664,0.09589041095890567,0.22834645669291098,0.7523625821086808,0.5741489033825016,7
2026-09-11T03:27:00Z,0.07782,0.07786,0.07782,0.07786,-1,0.5995831235970728,0.767817213394936,0.6747944866097647,0.21192436888757538,0.5242168967765262,0.9336279744423142,0.00008268892376263644,0,0,,52.7115761867549,-39.93514692934528,60,-60,,,0.0778337947433685,0.18309177905644655,0.5156359934434287,0.6747944866097647,-1,0.9336279744423142,0.00008268892376263644,100,0.5934104795644397,0.768627713030195,1,6.767660583621373,5.992455358846538,0.466666666666679,0.2519083969465615,0.7565343365126828,0.5786651508559497,7
2026-09-11T03:28:00Z,0.07786,0.07802,0.07786,0.07801,-1,0.5995831235970728,0.767817213394936,0.6673629079635545,0.4499286544007637,1.2513439421867603,0.9178593106163686,0.00008114835290146824,0,0,,49.560546486959794,-32.7802732434799,60,-60,,,0.07792878248614979,0.3630720877678978,1.29713487058295,0.6673629079635545,-1,0.9178593106163686,0.00008114835290146824,100,0.5889004843525779,0.7715295798238162,1,10.136527119934238,0,0.40740740740741505,0.36619718309858523,0.7352304706047753,0.5697690307374929,7
2026-09-11T03:29:00Z,0.07795,0.078,0.07795,0.078,-1,0.5995831235970728,0.767817213394936,0.6786754168411989,0.5901243536176595,0.7110487523981172,1.1641731922002243,0.00010302454107907169,0,0,,67.09365088425268,-37.54682544212634,60,-60,,,0.07798129207067335,0.4793076439859026,0.8251653568010492,0.6786754168411989,-1,1.1641731922002243,0.00010302454107907169,100,0.5845548556745588,0.7714846948257853,1,16.347145673929525,0,0.37037037037039133,0.3956834532374058,0.7935647040147322,0.6090361651782431,7
2026-09-11T03:30:00Z,0.07796,0.07799,0.07796,0.07798,-1,0.5995831235970728,0.767817213394936,0.6888066312940695,0.5789005233387017,-0.014919481414465419,1.0381107309341326,0.00009188477384504667,0,0,,23.287142647205684,-13.724906543163774,60,-60,,,0.07800195496610986,0.5025621727161539,0.14565111218122206,0.6888066312940695,-1,1.0381107309341326,0.00009188477384504667,100,0.5848120972640962,0.7714479707364873,1,1.0882100311789642,17.875402329024517,0.34545454545454085,0.3432835820895414,0.8034852456243571,0.6146528747752641,7
2026-09-11T03:31:00Z,0.07796,0.07798,0.07796,0.07798,-1,0.5995831235970728,0.767817213394936,0.6981400951002756,0.4749552574029394,-0.4354356486499329,0.9538802921985383,0.00008441171568514812,0,0,,-1.0034221197260709,0.5017114338036579,60,-60,,,0.07800555759808409,0.4565829216910734,-0.30661697423075396,0.6981400951002756,-1,0.9538802921985383,0.00008441171568514812,100,0.5807747091124112,0.7714179237543344,1,0.00007453306344158427,0.00007453306344158427,0.5416666666666654,0.4062499999999932,0.8087188405091538,0.6248952049162219,8
2026-09-11T03:32:00Z,0.07799,0.07802,0.07793,0.078,-1,0.5995831235970728,0.767817213394936,0.7062889775027809,0.36927923404105767,-0.4320461547517275,0.9007713449692752,0.0000796120496824341,0,0,,33.02667452820174,-16.516623068865595,60,-60,,,0.07801494415204357,0.39009516338947214,-0.3777630430703741,0.7062889775027809,-1,0.9007713449692752,0.0000796120496824341,100,0.5754382507578184,0.7713933398598456,1,2.330888329035289e-7,0.019897884432281493,0.4883720930232603,0.3821138211382072,0.8106852002576683,0.6344882843579145,8
2026-09-11T03:33:00Z,0.07798,0.07801,0.07794,0.07798,-1,0.5995831235970728,0.767817213394936,0.711471800758556,0.23850037543901403,-0.5757200592153706,0.8649847979616391,0.00007627804062018417,0,0,,36.68774965121478,-18.343900144304484,60,-60,,,0.0780060183603793,0.29029301644653555,-0.5936320913408233,0.711471800758556,-1,0.8649847979616391,0.00007627804062018417,100,0.5651634163340903,0.7713732257643549,1,0.00013802262247415448,0.00013802262247415448,0.5999999999999583,0.2592592592592459,0.80861068363461,0.6350642109056022,8
2026-09-11T03:34:00Z,0.07798,0.07804,0.07797,0.07803,-1,0.5995831235970728,0.767817213394936,0.7147326766230436,0.20208886941149484,-0.14582896160126846,0.8593303499591894,0.00007540260394495299,0,0,,51.35733317971093,-26.41795463784753,60,-60,,,0.07802487012717972,0.2523670243426946,-0.21807622010257166,0.7147326766230436,-1,0.8593303499591894,0.00007540260394495299,100,0.5630669381104603,0.7717770841791902,1,0,2.87899702815615,0.6097560975609443,0.25233644859812987,0.8048314972641558,0.6376773594398819,8
2026-09-11T03:35:00Z,0.07805,0.07805,0.07803,0.07805,-1,0.5954801641650705,0.7690149796542076,0.7170066676049989,0.21573116279550697,0.05634168769800105,0.8709133296847126,0.0000761517260264045,0,0,,55.80318437559523,-27.90161298370902,60,-60,,,0.07804518350189081,0.2513344700187361,-0.03165042552959163,0.7170066676049989,-1,0.8709133296847126,0.0000761517260264045,100,0.5656032851305693,0.7722548739322338,1,0.00007453306344169124,0.00007453306344169124,0.7499999999999654,0.2592592592592459,0.8017853054735475,0.6413239936642713,8
2026-09-11T03:36:00Z,0.07803,0.07808,0.07803,0.07808,-1,0.5954801641650705,0.7690149796542076,0.7175745757923405,0.26080157019855954,0.20152641198683593,0.8517265186483644,0.00007427574944640214,0,0,,9.26937466615129,-4.639865665731551,60,-60,,,0.07807146410173121,0.27514171251986896,0.12721200305075764,0.7175745757923405,-1,0.8517265186483644,0.00007427574944640214,100,0.5741335125338453,0.7729595557140693,1,6.465654946156854e-10,0.11172992445359817,0.7222222222221858,0.3027522935779767,0.801259673050588,0.63616111128346,8
2026-09-11T03:37:00Z,0.07808,0.0781,0.07807,0.07807,-1,0.5954801641650705,0.7690149796542076,0.709892587034648,0.25690138566901954,-0.053859738525916995,0.845445304139159,0.00007343389029732416,0,0,,-45.6421213758166,22.821060689720174,60,-60,,,0.07807949915256808,0.2668447017075641,-0.10387638448278799,0.709892587034648,-1,0.845445304139159,0.00007343389029732416,100,0.573626076052922,0.773536113535571,1,7.939470005924612e-9,0.006847191255904148,0.636363636363621,0.526881720430112,0.7713588733366487,0.6176983457018772,8
2026-09-11T03:38:00Z,0.07808,0.07814,0.07808,0.07812,-1,0.5954801641650705,0.7690149796542076,0.6995296464037245,0.2946903878946934,0.18089937469538528,0.8423275043242932,0.00007297449444461029,0,0,,-26.62994372003556,33.31497186001778,60,-60,,,0.0781082209285185,0.29073683663989247,0.14980656778587473,0.6995296464037245,-1,0.8423275043242932,0.00007297449444461029,100,0.5710582405109992,0.774043747137963,1,0,15.021134036132832,0.4782608695651964,0.42857142857142855,0.7640924849818347,0.5935150453019208,8
2026-09-11T03:39:00Z,0.0781,0.07816,0.07806,0.07816,-1,0.5954801641650705,0.7690149796542076,0.681245464139195,0.350636356101402,0.3327745188380218,0.8785933451820506,0.00007602583657989326,0,0,,72.37843035621022,-23.364650285536186,60,-60,,,0.07814306742715701,0.3289948909648286,0.3295282553485763,0.681245464139195,-1,0.8785933451820506,0.00007602583657989326,100,0.5724179087828735,0.7746730009075639,1,4.477753543609223,8.774534324116134,0.6153846153845661,0.45000000000000173,0.7385971842930018,0.55075701492727,8
2026-09-11T03:40:00Z,0.07815,0.07815,0.07811,0.07811,-1,0.5954801641650705,0.7690149796542076,0.6964033960026709,0.29114157217056186,-0.2979998857672118,0.8880382684101888,0.00007671920928485355,0,0,,22.17950524808357,-19.966925410246393,60,-60,,,0.07813904700900523,0.290263730875409,-0.2821691198224001,0.6964033960026709,-1,0.8880382684101888,0.00007671920928485355,100,0.5709366019558783,0.786538476207383,1,0,7.909759720906328,0.44827586206898534,0.3809523809523849,0.8430648908271345,0.6103736286321111,8
2026-09-11T03:41:00Z,0.07808,0.0781,0.07808,0.07808,-1,0.5954801641650705,0.7690149796542076,0.7099037303828507,0.149650016070916,-0.711882413367787,0.9281931858367581,0.0000801908702144844,0,0,,-69.93366130576841,26.966830652884205,60,-60,,,0.07811811341731018,0.1919163658312429,-0.7257710045790363,0.7099037303828507,-1,0.9281931858367581,0.0000801908702144844,100,0.5672904606810066,0.7956013625915439,1,0,0.07008819438260648,0.3125000000000081,0.45000000000000173,0.8540211790107443,0.6197876192756764,8
2026-09-11T03:42:00Z,0.07807,0.07814,0.07805,0.07814,-1,0.5954801641650705,0.7690149796542076,0.7137029061405539,0.11415747128258322,-0.1792403615933963,0.9247097912658822,0.00007988309709794239,0,0,,-2.3500965446599533,9.17504914812945,60,-60,,,0.07813167623903408,0.15831073021709477,-0.23991556056592284,0.7137029061405539,-1,0.9247097912658822,0.00007988309709794239,100,0.5617477577297886,0.8032357665668,1,0.00007453306344147809,0.00007453306344147809,0.38888888888889317,0.4430379746835488,0.8231575699464772,0.619444945365443,8
2026-09-11T03:43:00Z,0.07812,0.07814,0.07811,0.07814,-1,0.5954801641650705,0.7690149796542076,0.7117389451108939,0.1085930271854271,-0.04013473107105631,0.939159133217172,0.00008110598791744066,0,0,,41.55296047123143,-12.776485929002376,60,-60,,,0.07813980884619508,0.14439727632524135,-0.11701330358813654,0.7117389451108939,-1,0.939159133217172,0.00008110598791744066,100,0.5550663026470664,0.8094820970920095,1,0.000027403037455990266,0.000027403037455990266,0.47058823529414884,0.5405405405405339,0.8002693771918186,0.615352668911329,8
2026-09-11T03:44:00Z,0.07817,0.07817,0.07817,0.07817,-1,0.5954801641650705,0.7690149796542076,0.7111271378929214,0.15433887557322404,0.18638659310043218,0.9105995579381871,0.00007866943463647995,0,0,,-8.307771983900588,12.153885991950293,60,-60,,,0.07815963494024913,0.16838332015927843,0.11786703638697378,0.7111271378929214,-1,0.9105995579381871,0.00007866943463647995,100,0.5525105819002261,0.8143734160426019,1,0,0.07074187242567627,0.4375000000000217,0.5342465753424616,0.8072956940336569,0.6125113528802959,8
2026-09-11T03:45:00Z,0.07818,0.07818,0.07816,0.07817,-1,0.5838222724839655,0.7793652300072031,0.7185112046923543,0.18207509541673078,0.09277346153978004,0.899364282058234,0.00007734222147167938,0,0,,-24.102594484931195,20.051306224666618,60,-60,,,0.07817045051321898,0.18376322315443872,0.05068088293355265,0.7185112046923543,-1,0.899364282058234,0.00007734222147167938,100,0.5486653415400018,0.8164766779613439,1,0.0000745330634414728,0.0000745330634414728,0.400000000000037,0.6,0.8338845341342926,0.6326741424481475,8
2026-09-11T03:46:00Z,0.07815,0.07816,0.07809,0.07809,-1,0.5838222724839655,0.7793652300072031,0.7139825754496613,0.03729405016080123,-0.7112134230398308,0.8926707872758383,0.00007639121544742827,0,0,,-61.10507631551072,35.04699670940507,60,-60,,,0.07813462003606106,0.07196431294121833,-0.7474504867825588,0.7139825754496613,-1,0.8926707872758383,0.00007639121544742827,100,0.5465833806135696,0.8190371392225754,1,1.6183878049562295,15.982665187061118,0.028571428571458026,0.3802816901408528,0.7998623863866839,0.6099882475418668,8
2026-09-11T03:47:00Z,0.07808,0.07808,0.07806,0.07806,-1,0.5838222724839655,0.7793652300072031,0.7123338223888961,-0.14528014005285114,-0.8822864267750082,1.0139088169849948,0.00008676738479730931,0,0,,-66.54719121288261,39.824464533587786,60,-60,,,0.0780985695782277,-0.06933101437760836,-0.9556574233958581,0.7123338223888961,-1,1.0139088169849948,0.00008676738479730931,100,0.5421870998412495,0.8193918121136101,1,19.687890075451662,0.3558632291535932,0.02702702702701689,0.28571428571429136,0.7900793149883374,0.6279933175463944,8
2026-09-11T03:48:00Z,0.07801,0.07801,0.07798,0.07798,-1,0.5838222724839655,0.7793652300072031,0.7103653202688753,-0.3919918798428895,-1.187849216756511,0.9700383833137552,0.00008291781360209765,0,0,,-27.33086028344286,13.665440326985145,60,-60,,,0.07803437270794251,-0.2638521494284355,-1.3292872823844104,0.7103653202688753,-1,0.9700383833137552,0.00008291781360209765,100,0.5379606104179647,0.8202840385036851,1,0.00007453306344151079,0.00007453306344151079,0.34999999999999304,0.04761904761904972,0.7839213182474704,0.6289353138101971,7
2026-09-11T03:49:00Z,0.07799,0.07799,0.07797,0.07797,-1,0.5838222724839655,0.7793652300072031,0.7132609172398334,-0.5653054051808588,-0.7448389646334809,1.034091904035748,0.00008855074801507723,0,0,,-35.30451497804072,17.65238849347951,60,-60,,,0.07798941681365772,-0.4193262238902096,-0.9630764853671376,0.7132609172398334,-1,1.034091904035748,0.00008855074801507723,100,0.5343887509919582,0.8210140419137465,1,0.0007421399740622221,3.5943778599628376e-7,0.5135135135134892,0.04761904761904972,0.8101455721669747,0.6279586501965247,7
2026-09-11T03:50:00Z,0.07798,0.07798,0.07797,0.07797,-1,0.5838222724839655,0.7793652300072031,0.7221377911054372,-0.6107646094587675,-0.12117103629410597,0.9571325963071541,0.00008199288772534377,0,0,,-43.373974314208226,21.68703077775332,60,-60,,,0.07796461522018498,-0.4961844094748976,-0.3793645368535411,0.7221377911054372,-1,0.9571325963071541,0.00008199288772534377,100,0.5351217203646241,0.8208508015973439,1,0.00020113743275212802,3.667885730848112e-8,0.43749999999998374,0.016393442622944107,0.8352763521715385,0.644506725501751,7
2026-09-11T03:51:00Z,0.07798,0.07808,0.07798,0.07808,-1,0.5838222724839655,0.7793652300072031,0.7216247123876671,-0.3322212395657473,1.2464526848875375,0.9103086220027462,0.00007782544084422382,0,0,,30.609737223128,-16.983881870149553,60,-60,,,0.07800973811628935,-0.32150734138230547,1.0498226357560583,0.7216247123876671,-1,0.9103086220027462,0.00007782544084422382,100,0.5366938442800471,0.8224215868218241,1,2.7200775272342566,10.970451960083667,0,0.1388888888888905,0.8115403356355363,0.6296567742687178,7
2026-09-11T03:52:00Z,0.07805,0.07807,0.0778,0.0778,-1,0.5838222724839655,0.7793652300072031,0.6968817611303463,-0.38169140812100855,-0.7335755904895005,1.0665669654191483,0.0000909732821846577,0,0,,1.4786634829778582,-20.8119938567997,60,-60,,,0.0779340781616987,-0.33986925456819583,-0.81434567438547,0.6968817611303463,-1,1.0665669654191483,0.0000909732821846577,100,0.5361225914295334,0.8035070402524039,1,0,9.828080039474008,0.5483870967741964,0.20408163265306528,0.7010000446730248,0.5937916725583846,7
2026-09-11T03:53:00Z,0.07778,0.07779,0.07777,0.07778,-1,0.5838222724839655,0.7793652300072031,0.6897309181346347,-0.5136836348452312,-0.9123120170352388,1.8148065868211445,0.00015758975549740284,0,0,,-52.02532282233593,10.012661411167965,60,-60,,,0.07787818220257983,-0.40544786678979494,-0.9679570622304616,0.6897309181346347,-1,1.8148065868211445,0.00015758975549740284,100,0.5349402222688197,0.788031502150151,1,0,1.1107815012717022,0.5624999999999973,0.204081632653054,0.7185371365683537,0.6323213277180693,7
2026-09-11T03:54:00Z,0.0778,0.0779,0.0778,0.0779,-1,0.5838222724839655,0.7793652300072031,0.6809491372795959,-0.4741041837579846,-0.1597074536253006,1.5073450427554573,0.00013283049825381208,0,0,,40.67267878987506,-36.03360553028392,60,-60,,,0.07786644241727532,-0.3888656817009159,-0.24013967748282983,0.6809491372795959,-1,1.5073450427554573,0.00013283049825381208,100,0.5377000363325084,0.776428813961426,1,2.8425716915146593,18.18058827375186,0.3698630136986416,0.12380952380953086,0.7055994520156196,0.6211716991234171,7
2026-09-11T03:55:00Z,0.07787,0.07788,0.07787,0.07788,-1,0.5786912460429078,0.7693382276626505,0.6767035555189875,-0.3850993222336117,0.13632421064128708,1.4124946209536102,0.00012586274391665782,0,0,,53.130329387841535,-34.565184493751815,60,-60,,,0.07785917874370182,-0.3482009816280509,0.06488927354483598,0.6767035555189875,-1,1.4124946209536102,0.00012586274391665782,100,0.5409548710098975,0.7669357054433783,1,26.28480450629657,0.00007453306344154588,0.3866666666666716,0.16190476190475486,0.7176847937962886,0.6187399901992526,8
2026-09-11T03:56:00Z,0.07787,0.07792,0.07787,0.0779,-1,0.5786912460429078,0.7693382276626505,0.675953219510106,-0.23923531545696045,0.36017532795730306,1.2272367940724225,0.00011029815209038713,0,1,,8.25317569936301,-8.126590925353845,60,-60,,,0.07787341216537366,-0.2536726193989733,0.33639532112959,0.675953219510106,-1,1.2272367940724225,0.00011029815209038713,100,0.5446420086976375,0.7576623377985737,1,3.5840157432405126e-9,0.00007453306344148762,0.2753623188406007,0.17307692307692743,0.7301307614314724,0.6187743335532134,6
2026-09-11T03:58:00Z,0.07796,0.07796,0.07794,0.07794,-1,0.5786912460429078,0.7693382276626505,0.6756673570526127,-0.05157856613966974,0.5465959547750554,1.0933218010418315,0.00009888597699523124,0,0,,-16.4416393065027,-11.77918034674865,60,-60,,,0.07790872794949882,-0.10410759842611489,0.5845738030444738,0.6756673570526127,-1,1.0933218010418315,0.00009888597699523124,100,0.54723163716718,0.7500750369982792,1,0,0.5591197571665825,0.17142857142858955,0.1214953271028115,0.7344887721694829,0.6157024921057694,6
2026-09-11T03:59:00Z,0.07797,0.07799,0.07797,0.07797,-1,0.5786912460429078,0.7693382276626505,0.673348133794919,0.1216588181126805,0.5495322809078002,1.011014714138328,0.00009188888904005419,0,0,,-19.9094282483594,-10.0452858758203,60,-60,,,0.07794641947322609,0.050450902598641156,0.6376835912715837,0.673348133794919,-1,1.011014714138328,0.00009188888904005419,100,0.5416122394356229,0.7442033953711973,1,0,13.152921508778876,0.01538461538461013,0.14285714285714285,0.7299246966769845,0.6074946778820784,6
2026-09-11T04:00:00Z,0.07798,0.07798,0.07796,0.07796,-1,0.5786912460429078,0.7693382276626505,0.6716857126908669,0.19634201777864235,0.20273291971239638,0.9354490895099219,0.00008524309327747736,0,0,,-8.292779589980896,-11.853610205009552,60,-60,,,0.07796000493033137,0.13309322258238995,0.3187581326877673,0.6716857126908669,-1,0.9354490895099219,0.00008524309327747736,100,0.5395260872045787,0.7393993249490395,1,0,5.573812265228579,0.01538461538461013,0.19607843137254502,0.7294197470290544,0.6073019939364707,6
2026-09-11T04:01:00Z,0.07798,0.07798,0.07798,0.07798,-1,0.5786912460429078,0.7693382276626505,0.6745050955092111,0.23828979857913318,0.09225555336541891,0.8859509579544393,0.00008087106323172036,0,0,,-2.11737314589206,-10.94131342705397,60,-60,,,0.0779774667508955,0.18983513160963916,0.20679529369743294,0.6745050955092111,-1,0.8859509579544393,0.00008087106323172036,100,0.5355232076996543,0.7336296254079843,1,0,18.8413277931659,0.014925373134323412,0.13131313131313951,0.7419579845933841,0.618329737698415,6
2026-09-11T04:02:00Z,0.07798,0.07807,0.07798,0.07802,-1,0.5786912460429078,0.7693382276626505,0.6784457241367244,0.2924063586933814,0.22161752271675592,0.8644573280833382,0.00007892562331945452,0,0,,-6.460985696914493,-16.717409082217678,60,-60,,,0.0780075093972966,0.2510942128810171,0.32026820174214166,0.6784457241367244,-1,0.8644573280833382,0.00007892562331945452,100,0.5317587116158098,0.728908962147121,1,1.6126972498934395,11.534799800980654,0.09999999999998843,0.059999999999991394,0.7424070689851643,0.6302468937983375,6
2026-09-11T04:03:00Z,0.07798,0.07799,0.07797,0.07797,-1,0.5786912460429078,0.7693382276626505,0.6789485878059471,0.21845000683750504,-0.379271169595231,0.8538283581842027,0.00007784064715015143,0,0,,-10.317891877565327,-14.841054061217337,60,-60,,,0.07799603031214157,0.2093141142882889,-0.3000839682776373,0.6789485878059471,-1,0.8538283581842027,0.00007784064715015143,100,0.5321113284079843,0.7255832566366187,1,0,12.231356745539092,0.4594594594594919,0.17171717171717682,0.7362351293044818,0.6236735009843031,6
2026-09-11T04:04:00Z,0.07799,0.0781,0.07799,0.07808,-1,0.5786912460429078,0.7693382276626505,0.6759854020997674,0.27699486471628654,0.3717192135909516,0.8983506516952932,0.00008194010536569064,0,0,,24.708858529296233,-10.59054730575594,60,-60,,,0.07804061955794499,0.2559413696835109,0.4168276568765076,0.6759854020997674,-1,0.8983506516952932,0.00008194010536569064,100,0.5285934343476266,0.7239034813286016,1,0.605808852241839,18.0997275811552,0.6521739130434835,0.054545454545459136,0.7216950514179049,0.6184230099569108,6
2026-09-11T04:05:00Z,0.07813,0.07813,0.07813,0.07813,-1,0.5786912460429078,0.7693382276626505,0.6758643609100934,0.39769667731841907,0.6481952389081901,1.0228171888875395,0.00009292285222146838,0,0,,34.87023808374932,-16.476690918211133,60,-60,,,0.07809076072018595,0.3453721348561426,0.6990969904715315,0.6758643609100934,-1,1.0228171888875395,0.00009292285222146838,100,0.5243339998285202,0.722737453872536,1,0.6405643102052649,17.44508809507637,0.589743589743608,0.03571428571428439,0.7237250253857543,0.6275195316757362,6
2026-09-11T04:06:00Z,0.07814,0.07817,0.07814,0.07817,-1,0.5588278466321418,0.7595982646566755,0.680685625518299,0.5322446286928149,0.6200797074293802,0.9823427924868843,0.00008898807725357785,0,0,,42.99066492929652,-17.49534848577804,60,-60,,,0.07814434033450417,0.45166408978904454,0.713742299094938,0.680685625518299,-1,0.9823427924868843,0.00008898807725357785,100,0.5143537360930975,0.7214703588283999,1,0.00007453306344147214,0.00007453306344147214,0.7073170731707152,0,0.7359772380066978,0.6446790714627231,8
2026-09-11T04:07:00Z,0.07813,0.07814,0.0781,0.0781,-1,0.5588278466321418,0.7595982646566755,0.6801546590371575,0.4521943995709278,-0.3357057375407222,0.9431219953797034,0.00008518999004489118,0,0,,12.307097855526102,-18.15354892776305,60,-60,,,0.0781387672532974,0.41267263673063026,-0.22124784901413697,0.6801546590371575,-1,0.9431219953797034,0.00008518999004489118,100,0.5149819288480247,0.7209025716781471,1,17.053782859973524,0,0.43478260869564955,0.008695652173909685,0.7215827669379548,0.6366026852117944,8
2026-09-11T04:08:00Z,0.07813,0.07813,0.07807,0.0781,-1,0.5588278466321418,0.7595982646566755,0.6795396982050121,0.31493305742033134,-0.6236703313038867,0.9906252284907184,0.00008950697951102376,0,0,,-19.547906055846816,-0.5614211565921465,60,-60,,,0.07813215367058933,0.3266898724910715,-0.5568535169386745,0.6795396982050121,-1,0.9906252284907184,0.00008950697951102376,100,0.5236320115240454,0.720438018555213,1,17.03124427474476,0,0.38095238095238254,0.03571428571428439,0.7200937930071999,0.636525760074243,8
2026-09-11T04:09:00Z,0.0781,0.0781,0.07808,0.07808,-1,0.5588278466321418,0.7595982646566755,0.6794823683857227,0.14229844048223927,-0.7681411757245318,0.9455947448843713,0.000084828800268009,0,0,,-43.955888043182476,9.977960402426199,60,-60,,,0.07811110504739904,0.20420285366707117,-0.7802715817308095,0.6794823683857227,-1,0.9455947448843713,0.000084828800268009,100,0.5421197846889667,0.7199020752397634,1,0.00007453306344161273,0.00007453306344161273,0.26829268292681274,0.0943396226415129,0.7215421222247657,0.637193295269522,8
2026-09-11T04:10:00Z,0.07814,0.0782,0.07814,0.0782,-1,0.5588278466321418,0.7595982646566755,0.6832723357052908,0.19637841601623268,0.29645641020853786,0.9346344108540633,0.00008289229767469599,0,0,,1.8125398614594992,10.912611960632029,60,-60,,,0.0781574619949355,0.23119781595308841,0.2287472709341225,0.6832723357052908,-1,0.9346344108540633,0.00008289229767469599,100,0.5514044117183047,0.7194635761634864,1,0.4395834339462685,19.98500694957186,0.46153846153843897,0.19658119658120266,0.7338227391366327,0.647881801552221,8
2026-09-11T04:11:00Z,0.07815,0.07817,0.0781,0.0781,-1,0.5588278466321418,0.7595982646566755,0.6811793100492527,0.13258281463651897,-0.3056857826726568,1.0948596500594545,0.0000964990494536294,0,0,,1.3917353061530604,-4.69646527095945,60,-60,,,0.07814369640139858,0.17820927392435298,-0.36979093797131446,0.6811793100492527,-1,1.0948596500594545,0.0000964990494536294,100,0.5604028335719221,0.7191048041919872,1,0.000001908316385762544,0.08588096892796353,0.2,0.10236220472441289,0.7141421175454669,0.639844399928886,8
2026-09-11T04:12:00Z,0.07802,0.07812,0.07802,0.07804,-1,0.5588278466321418,0.7595982646566755,0.6770505940065424,-0.02745740644229941,-0.7597889182492739,1.1769331051860932,0.00010366704302977783,0,0,,-97.05605440847062,45.74410076725301,60,-60,,,0.07810657472280305,0.06236457908133128,-0.8454003339274604,0.6770505940065424,-1,1.1769331051860932,0.00010366704302977783,100,0.565134122205479,0.7192386119758342,1,2.5059200488405016,5.145934387356792e-9,0.03225806451611459,0.03278688524589996,0.6985497309544599,0.6390365928877839,8
2026-09-11T04:13:00Z,0.07802,0.07803,0.07802,0.07803,-1,0.5588278466321418,0.7595982646566755,0.674560605399895,-0.20074250360808424,-0.7118737203666854,1.1014861825914135,0.00009697532320715932,0,0,,-29.826601547559275,22.913311889119562,60,-60,,,0.07806623300039342,-0.07372259418310609,-0.8649417385886126,0.674560605399895,-1,1.1014861825914135,0.00009697532320715932,100,0.5709666298232074,0.7193480910717089,1,0.00007453306344171244,0.00007453306344171244,0.10344827586207227,0.2421052631579015,0.6949642676199045,0.644196988753296,7
2026-09-11T04:14:00Z,0.07808,0.07808,0.07808,0.07808,-1,0.5588278466321418,0.7595982646566755,0.6726447997285214,-0.20991807106962465,-0.05573877418560935,0.9960121599766525,0.0000876048548660208,0,0,,24.486398824810923,-4.574130955360133,60,-60,,,0.07806773359228887,-0.10976460647069788,-0.2542596176866533,0.6726447997285214,-1,0.9960121599766525,0.0000876048548660208,100,0.5697793175469053,0.7191661707863091,1,0,2.7029825440836253,0,0.30612244897958374,0.6917640250922515,0.6458623516792971,7
2026-09-11T04:15:00Z,0.07804,0.07806,0.07804,0.07806,-1,0.5588278466321418,0.7595982646566755,0.6735454255273847,-0.19390253408270264,0.06584169441383271,0.9450759849757192,0.00008296672738941414,0,0,,6.938575372104204,4.527967512388771,60,-60,,,0.07805925499485904,-0.1275871032319311,-0.1152754991720657,0.6735454255273847,-1,0.9450759849757192,0.00008296672738941414,100,0.5693088218163024,0.7185483999396689,1,1.7636111821165573e-10,0.07911715047914104,0.14285714285714285,0.18181818181818898,0.701229027735635,0.6494643265145879,7
2026-09-11T04:16:00Z,0.07804,0.07812,0.07804,0.07811,-1,0.5584347722626822,0.7516292040154232,0.6687366159603505,-0.07658990099373869,0.5089239541634447,0.8989124894030833,0.000078856552749877,0,0,,32.83175282700888,-8.415888648760017,60,-60,,,0.07808294849334585,-0.05983251771179106,0.3781470896452466,0.6687366159603505,-1,0.8989124894030833,0.000078856552749877,100,0.5670101155951772,0.718042951065145,1,0.00007453306344147478,0.00007453306344147478,0.12000000000000888,0.252747252747244,0.6874510774943343,0.6307869161582296,8
2026-09-11T04:17:00Z,0.07809,0.07809,0.07794,0.07794,-1,0.5584347722626822,0.7516292040154232,0.6542940585127794,-0.20410376151326287,-0.7412586989485257,0.8965730059801462,0.0000784236484645884,0,0,,-19.639541853230092,-4.3457870193491495,60,-60,,,0.0780149859123792,-0.1631245162570678,-0.8181349682406651,0.6542940585127794,-1,0.8965730059801462,0.0000784236484645884,100,0.5673555316542747,0.7191711649961671,1,18.68110842650943,1.3721772359509727,0.2666666666666775,0.03773584905660155,0.6483181900774219,0.6024996971578529,8
2026-09-11T04:18:00Z,0.07794,0.07804,0.07794,0.07804,-1,0.5584347722626822,0.7516292040154232,0.6434198825998367,-0.21582070956162458,-0.0932453652035149,1.2565470087437538,0.00011075221048582731,0,0,,-33.97238380898897,3.8944606445449104,60,-60,,,0.0780107166960775,-0.1850504515252358,-0.16675919257652227,0.6434198825998367,-1,1.2565470087437538,0.00011075221048582731,100,0.5673952761312036,0.7200942491215487,1,17.121369853833514,0,0.08571428571429138,0.08928571428571495,0.6331539768413934,0.6101890847065091,8
2026-09-11T04:19:00Z,0.07803,0.07803,0.07801,0.07803,-1,0.5584347722626822,0.7516292040154232,0.6377600237430113,-0.17316092112555265,0.16644383399827778,1.2123540314832424,0.00010748133688034344,0,0,,21.734553977570112,-2.8672769887850578,60,-60,,,0.07801068100048104,-0.1715664457159113,0.1051058584825767,0.6377600237430113,-1,1.2123540314832424,0.00010748133688034344,100,0.5684414606880358,0.7198308071190849,1,19.997382998652686,0,0.07246376811593445,0.054545454545457756,0.6317733173159936,0.6211072947427277,8
2026-09-11T04:20:00Z,0.07806,0.07806,0.07795,0.07805,-1,0.5584347722626822,0.7516292040154232,0.6328820330830394,-0.07951839532949984,0.3484789171301991,1.0991462580974174,0.00009734353260340111,0,0,,44.111922610724065,-14.055961305362032,60,-60,,,0.07802455254143688,-0.11431094327452576,0.32993868274363,0.6328820330830394,-1,1.0991462580974174,0.00009734353260340111,100,0.5688987600369068,0.7197661387740424,1,10.86994782657624,0,0.25423728813562113,0.08108108108107365,0.6296000858687133,0.6166520176574775,8
2026-09-11T04:21:00Z,0.07807,0.07807,0.07805,0.07805,-1,0.5584347722626822,0.7516292040154232,0.629850658714894,0.00207412558765091,0.298462729338978,1.0263567834270035,0.0000908746609447018,0,0,,27.793949269755366,-21.8969849927186,60,-60,,,0.07803681438444245,-0.05331295188670995,0.3377866050007113,0.629850658714894,-1,1.0263567834270035,0.0000908746609447018,100,0.5659821561117423,0.7197132283099167,1,0.00007453306344154985,0.00007453306344154985,0.10204081632655258,0.06422018348623783,0.6338314517734646,0.6137443681837417,7
2026-09-11T04:22:00Z,0.07803,0.07823,0.07803,0.07823,-1,0.5584347722626822,0.7516292040154232,0.6198365703784254,0.2579861041135246,1.181545124181707,0.9779396145347382,0.0000868294408396454,0,0,,37.82075199631436,-30.096172344132427,60,-60,,,0.07813223757682415,0.1488702920057298,1.2795427544956106,0.6198365703784254,-1,0.9779396145347382,0.0000868294408396454,100,0.5641351289749432,0.7215968711822803,1,2.3936587025419627,16.846816511135007,0.311475409836073,0.17073170731706216,0.6154255418950593,0.5841912455159174,7
2026-09-11T04:23:00Z,0.0782,0.07824,0.0782,0.07824,-1,0.5584347722626822,0.7516292040154232,0.6154034081400713,0.45453327567151813,0.873871735681294,1.3093015969411677,0.00011724434135328027,0,0,,53.018677312693214,-39.793343568815104,60,-60,,,0.0781908838711036,0.3111047172523277,1.0326224869093128,0.6154034081400713,-1,1.3093015969411677,0.00011724434135328027,100,0.5655976033260545,0.7229589514823351,1,0.5802291898541322,19.93261688255452,0.3442622950819784,0.22689075630252434,0.6291676261452228,0.5839065411815038,7
2026-09-11T04:24:00Z,0.07823,0.07826,0.07821,0.07826,-1,0.5584347722626822,0.7516292040154232,0.6159874708883722,0.5685371103228015,0.46400725610231947,1.1508687498013985,0.00010370853514801015,0,0,,4.4159239019170835,-10.292278519208216,60,-60,,,0.07824375897031964,0.42964447556092594,0.6856249510432436,0.6159874708883722,-1,1.1508687498013985,0.00010370853514801015,100,0.5689582556511427,0.721761483993359,1,12.224487668832449,3.818750962310285,0.3103448275862151,0.16363636363636272,0.6414863819538672,0.5928248108160808,7
2026-09-11T04:25:00Z,0.07828,0.07828,0.07823,0.07823,-1,0.5584347722626822,0.7516292040154232,0.6203057913272408,0.5168931930546616,-0.1783988220996407,1.0467793142171269,0.00009469233266565988,0,0,,-34.10213940506996,13.327317990966915,60,-60,,,0.07825403291496087,0.43525819030045454,0.04509373144346207,0.6203057913272408,-1,1.0467793142171269,0.00009469233266565988,100,0.571527620957893,0.720781737866015,1,1.6201229204456404,16.323674997997916,0.2881355932203246,0.0925925925925826,0.6501956728016048,0.6076891916083512,7
2026-09-11T04:26:00Z,0.07827,0.07829,0.07827,0.07829,-1,0.5641067202806488,0.7453698384501318,0.62376099517323,0.48570778784217883,-0.12080297062896243,0.9909061654686381,0.00008997609349619125,0,0,,-16.762802197123552,28.381407345476774,60,-60,,,0.07828825656472801,0.44537016438229127,0.045693639916911555,0.62376099517323,-1,0.9909061654686381,0.00008997609349619125,100,0.5748190510312757,0.7201310025097069,1,0.000074533063441434,0.000074533063441434,0.2999999999999977,0.10909090909090427,0.6465550644213465,0.6147877413090707,8
2026-09-11T04:27:00Z,0.07828,0.07832,0.07828,0.0783,-1,0.5641067202806488,0.7453698384501318,0.6305106221286997,0.44023588434342054,-0.20995460763183765,0.9800421073549436,0.00008929119713435357,0,0,,16.27958838017728,7.860161835331443,60,-60,,,0.07830936313123044,0.4333875731211728,-0.10568452016960009,0.6305106221286997,-1,0.9800421073549436,0.00008929119713435357,100,0.5809833971124756,0.7190160618874782,1,0.0000014076982504641811,0.0005402419138645147,0.8181818181818239,0.1923076923076846,0.6532529638497881,0.6347667882294895,8
2026-09-11T04:28:00Z,0.07832,0.07835,0.07832,0.07834,-1,0.5641067202806488,0.7453698384501318,0.6362504252520748,0.4245571591331696,-0.0924993178546339,0.9270972721634727,0.00008471503289148743,0,0,,-1.798966868583525,12.899483434291762,60,-60,,,0.0783393962973446,0.4333823181563001,-0.04378457722188371,0.6362504252520748,-1,0.9270972721634727,0.00008471503289148743,100,0.5882724943873979,0.7181038377420185,1,0,1.3297677288437824,0.7894736842105379,0.22222222222222365,0.6539388078550156,0.641521255142634,8
2026-09-11T04:29:00Z,0.07832,0.07833,0.07832,0.07833,-1,0.5641067202806488,0.7453698384501318,0.642274029355924,0.36665369371040246,-0.29997909646818127,0.9092562071319541,0.00008325760293057799,0,0,,-0.6825712644553421,20.34128563222767,60,-60,,,0.07834684774950453,0.3945468140306633,-0.29421982914019795,0.642274029355924,-1,0.9092562071319541,0.00008325760293057799,100,0.5896408593484269,0.7171840335977784,1,0,0.17896427077543173,0.7894736842104725,0.23364485981308097,0.657082226414852,0.6515602487123933,8
2026-09-11T04:30:00Z,0.07835,0.07837,0.07835,0.07837,-1,0.5641067202806488,0.7453698384501318,0.6442375218680488,0.34989503196050564,-0.11572211208226818,0.8826940508808447,0.00008094999223933308,0,0,,12.201638788589914,12.886837163429608,60,-60,,,0.07836992401129061,0.3803306060308522,-0.14581684040640108,0.6442375218680488,-1,0.8826940508808447,0.00008094999223933308,100,0.5912359206399369,0.7166049055049912,1,0,16.593565172935723,0.7999999999999514,0.1717171717171604,0.6570547249871505,0.6392742887974466,8
2026-09-11T04:31:00Z,0.07838,0.07838,0.07835,0.07835,-1,0.5641067202806488,0.7453698384501318,0.6422753298879812,0.2807140088915324,-0.3586273540917757,0.8763132979271668,0.00008040478078876854,0,0,,-7.604559370000616,-0.19772031499969245,60,-60,,,0.07836915353198227,0.32251579182937484,-0.41097401845207227,0.6422753298879812,-1,0.8763132979271668,0.00008040478078876854,100,0.5829917179854484,0.7161310734290746,1,0,2.94606719559942,0.7142857142857049,0.27472527472527675,0.6564250787350113,0.6202768131206807,8
2026-09-11T04:33:00Z,0.07834,0.07835,0.07834,0.07835,-1,0.5641067202806488,0.7453698384501318,0.6391316823832972,0.1968225337138153,-0.42417393011527027,0.8428368654983492,0.00007727945074936232,0,0,,18.37868801883701,-5.400066118923984,60,-60,,,0.07836492591004096,0.24953933619393148,-0.504121318125123,0.6391316823832972,-1,0.8428368654983492,0.00007727945074936232,100,0.5803570265738677,0.7146142184826985,1,0,2.293113733575567,0.5,0.36470588235295115,0.6487865712736395,0.616902203474219,8
2026-09-11T04:34:00Z,0.07826,0.07826,0.07826,0.07826,-1,0.5641067202806488,0.7453698384501318,0.6310715785603537,-0.033074229071122424,-1.1519821607605927,0.8133491023847457,0.00007439885471803404,0,0,,33.37426794772089,-12.687133973860444,60,-60,,,0.07831330526866467,0.056992699563165494,-1.267272688137341,0.6310715785603537,-1,0.8133491023847457,0.00007439885471803404,100,0.5744762170399451,0.7152322296089937,1,0.006109582121123623,0,0.0624999999999729,0.24731182795698284,0.6319606806131699,0.5979420612157633,8
2026-09-11T04:35:00Z,0.07824,0.07833,0.07821,0.07833,-1,0.5641067202806488,0.7453698384501318,0.6210620490625453,-0.09030069298350848,-0.2834719045063371,0.9374420566028758,0.00008591304233838496,0,0,,41.08011976147176,-16.54007518987174,60,-60,,,0.07831578246801818,-0.011641180928779513,-0.43706608592933505,0.6210620490625453,-1,0.9374420566028758,0.00008591304233838496,100,0.5710520921583223,0.7168670492329522,1,0.0000745330634414344,0.0000745330634414344,0.18918918918917904,0.2631578947368406,0.6149343695033418,0.5871516106305152,8
2026-09-11T04:36:00Z,0.07834,0.07834,0.07833,0.07833,-1,0.5641067202806488,0.7453698384501318,0.6177376257842925,-0.07455752743825672,0.09248357610532593,0.9492360372692539,0.00008715189656260311,0,0,,29.25498182119257,-26.627492998966027,60,-60,,,0.07832004972680154,-0.026730763336081535,-0.06577539273088384,0.6177376257842925,-1,0.9492360372692539,0.00008715189656260311,100,0.5687262832767407,0.7161042567388607,1,0.00001427701958142024,0.00001427701958142024,0.29411764705881394,0.29032258064514876,0.6158522072167051,0.6063253512388691,8
2026-09-11T04:37:00Z,0.07835,0.07839,0.07833,0.07834,-1,0.5561147153277924,0.739229344823155,0.6169241271437008,-0.018423038099467798,0.2685654038100387,0.8972057236364244,0.0000824744458759647,0,0,,-48.45132401508255,12.225680063669305,60,-60,,,0.07832918758553575,-0.0068865373420742,0.14865576779171844,0.6169241271437008,-1,0.8972057236364244,0.0000824744458759647,100,0.5598943577791403,0.7152847779684787,1,0.00007453306344168754,0.00007453306344168754,0.17241379310346147,0.2584269662921352,0.6195746206972454,0.6110196390277897,8
2026-09-11T04:38:00Z,0.07833,0.07833,0.07831,0.07832,-1,0.5561147153277924,0.739229344823155,0.6169430150986479,-0.006838149512764744,0.05648561336244212,0.8547082533859758,0.00007858145836002275,0,0,,-38.10665376030807,7.053341081182246,60,-60,,,0.07832449805823051,-0.01029526559344437,-0.010573485510700226,0.6169430150986479,-1,0.8547082533859758,0.00007858145836002275,100,0.5521380962770343,0.7138638653479479,1,0.00007453306344149133,0.00007453306344149133,0.066666666666679,0.5135135135134983,0.6195854034587265,0.6143761785583576,8
2026-09-11T04:39:00Z,0.07829,0.07831,0.07829,0.07831,-1,0.5561147153277924,0.739229344823155,0.6199454107373439,-0.027709146285670644,-0.09675419978217331,0.8332830419708522,0.00007642485680694188,0,0,,26.26410184820716,-1.1320509984527973,60,-60,,,0.07831613580908006,-0.031978129847055226,-0.12882801214870543,0.6199454107373439,-1,0.8332830419708522,0.00007642485680694188,100,0.5408501348670951,0.7118736385073532,1,0.0009628843677348238,5.661660735020107e-7,0.1111111111111111,0.4153846153846088,0.624683781624085,0.6272166224053869,8
2026-09-11T04:40:00Z,0.07833,0.07833,0.07833,0.07833,-1,0.5561147153277924,0.739229344823155,0.6212718547967442,-0.006232744429553634,0.10757057849955551,0.813326395274129,0.00007447010816481351,0,0,,29.581889023060757,-2.7909555356744313,60,-60,,,0.07832259251427007,-0.018077998846912774,0.09718052676972572,0.6212718547967442,-1,0.813326395274129,0.00007447010816481351,100,0.539789073574844,0.7102452710923212,1,0.00007453306344151715,0.00007453306344151715,0,0.4545454545454316,0.6188405033879893,0.6290089824431002,8
2026-09-11T04:41:00Z,0.07833,0.07833,0.07833,0.07833,-1,0.5561147153277924,0.739229344823155,0.6221239947690027,0.01883044576965456,0.1168980652507174,0.7739020733274862,0.00007057577746095303,0,0,,-4.6467122788840305,14.32335637449225,60,-60,,,0.07832686370497591,0.0022045282543088837,0.12866290208498035,0.6221239947690027,-1,0.7739020733274862,0.00007057577746095303,100,0.5428678075461226,0.7086270127822121,1,0.000010116840498408813,0.000010116840498408813,0.16666666666665703,0.43749999999998374,0.6155091139694502,0.6321474354575891,8
2026-09-11T04:43:00Z,0.07834,0.07835,0.07826,0.07827,-1,0.5561147153277924,0.739229344823155,0.6263888694396552,-0.08446813152749716,-0.5793693551836088,0.7571394113271173,0.0000687895087132869,0,0,,-35.958739645527054,29.166720822652252,60,-60,,,0.07829732128594753,-0.07470898472441087,-0.5645358794516875,0.6263888694396552,-1,0.7571394113271173,0.0000687895087132869,100,0.5564358725016452,0.7069374082912354,1,17.727823785310026,0,0.28571428571427154,0.3142857142857222,0.6247742908189857,0.6450629467429346,8
2026-09-11T04:45:00Z,0.07828,0.07831,0.07828,0.07831,-1,0.5561147153277924,0.739229344823155,0.6270821317794006,-0.09537393986718935,-0.05097166707845857,0.7981286836514326,0.00007246134171830404,0,0,,-15.393745515855642,27.69911473686713,60,-60,,,0.07829973989940134,-0.0854337019618504,-0.060635567897358245,0.6270821317794006,-1,0.7981286836514326,0.00007246134171830404,100,0.5607544841716209,0.7049930512971945,1,0.0291284396900109,2.937984725923008e-9,0.12499999999999457,0.142857142857157,0.6216352370020634,0.6353020759157197,8
2026-09-11T04:46:00Z,0.07829,0.07829,0.07829,0.07829,-1,0.5561147153277924,0.739229344823155,0.6267409858637448,-0.11094843073129065,-0.06543890499563257,0.7729813643088242,0.00006982450735222976,0,0,,20.114610565017205,5.942694717491397,60,-60,,,0.07829221249393735,-0.10055548171682158,-0.08395777147077021,0.6267409858637448,-1,0.7729813643088242,0.00006982450735222976,100,0.5663604633190784,0.7030965133437043,1,1.9796694981599803,0,0.12000000000000888,0.08771929824560208,0.6229253042010449,0.6291920838638216,8
2026-09-11T04:47:00Z,0.07831,0.07831,0.07831,0.07831,-1,0.5561147153277924,0.739229344823155,0.6253770903006195,-0.06704506746336057,0.24916057323334254,0.7591173847615753,0.00006720105587211724,0,0,,1.616944301264962,11.191527246788459,60,-60,,,0.07829940517480873,-0.07119096337744829,0.23398919835420184,0.6253770903006195,-1,0.7591173847615753,0.00006720105587211724,100,0.5660267657058525,0.7018505008855781,1,0.00007453306344171733,0.00007453306344171733,0.09999999999995837,0.08771929824562429,0.6194796193623299,0.625818978986408,8
2026-09-11T04:48:00Z,0.07832,0.07837,0.07832,0.07837,-1,0.5561147153277924,0.739229344823155,0.6214877422152257,0.1055898551038811,0.9738132704604493,0.7368360097304605,0.00006425619828114285,0,0,,44.74181206929252,-14.449615674723663,60,-60,,,0.07833587820711531,0.0594718618643591,0.9968358275214119,0.6214877422152257,-1,0.7368360097304605,0.00006425619828114285,100,0.5702026729031096,0.7001800753578926,1,19.9012658613001,0.35183930394013907,0.15384615384614975,0.2333333333333287,0.6169330295046619,0.6104850625842148,8
2026-09-11T04:49:00Z,0.07834,0.07837,0.07831,0.07837,-1,0.5540942919497609,0.7307627658522738,0.6177730064489748,0.22545341149101056,0.705609717277556,0.7803013763497256,0.0000671174814917866,0,0,,91.64331483504947,-41.82169156980972,60,-60,,,0.07835705440632623,0.15810023343002833,0.7935178565688106,0.6177730064489748,-1,0.7803013763497256,0.0000671174814917866,100,0.5656208026932021,0.6988133635625137,1,0.00007453306344152073,0.00007453306344152073,0.11999999999996003,0.14814814814813862,0.6123343939703052,0.6083526758626406,8
2026-09-11T04:50:00Z,0.07836,0.07836,0.07836,0.07836,-1,0.5540942919497609,0.7307627658522738,0.6136539824074416,0.25691068228026437,0.1452484940285168,0.7577050031553916,0.00006446105233890391,0,0,,45.61061797025483,-22.805309009877003,60,-60,,,0.07836447534862324,0.1993407091039867,0.2794252404066824,0.6136539824074416,-1,0.7577050031553916,0.00006446105233890391,100,0.5681455329028855,0.6976951448208399,1,0.0010827303196508206,1.0852556878358299e-7,0.16666666666667632,0.11111111111111682,0.6026963571183003,0.60813551153045,8
2026-09-11T04:51:00Z,0.07837,0.07838,0.07837,0.07838,-1,0.5540942919497609,0.7307627658522738,0.6094061147923086,0.2764072737107654,0.060369621923152414,0.7481331222137182,0.00006311946297173081,0,0,,29.071472365573158,-14.535803797875989,60,-60,,,0.07837796395509711,0.232849174616154,0.19657460242499517,0.6094061147923086,-1,0.7481331222137182,0.00006311946297173081,100,0.5698160501699686,0.6970107554441339,1,2.1120836993120834e-8,0.00046516453353303953,0.2800000000000178,0.07692307692307282,0.602093766485501,0.599726992638584,8
2026-09-11T04:53:00Z,0.07838,0.07838,0.07837,0.07838,-1,0.5540942919497609,0.7307627658522738,0.6051852446725242,0.26082352895307326,-0.14805207002586557,0.7360408216856593,0.00006164694503905695,0,0,,44.4703921053543,-22.235224673630665,60,-60,,,0.07838432711771115,0.23860505893201978,-0.033713311331208334,0.6051852446725242,-1,0.7360408216856593,0.00006164694503905695,100,0.5699649972120165,0.695476210384549,1,1.7529518793815945e-9,0.000128719141708369,0.21739130434786808,0.09803921568629158,0.5988094255297168,0.5946775833361946,8
2026-09-11T04:54:00Z,0.07838,0.07838,0.07836,0.07836,-1,0.5540942919497609,0.7307627658522738,0.6015265481612885,0.164661158720314,-0.5761871400335108,0.7273130719877743,0.00006053463263674171,0,0,,-7.363196468498117,-16.31839991814484,60,-60,,,0.07837547605960604,0.17703589538095177,-0.511020508388998,0.6015265481612885,-1,0.7273130719877743,0.00006053463263674171,100,0.5704200482439161,0.6931544572709792,1,0.000050184892049422996,2.826698541475389e-10,0.12000000000000888,0.02040816326529803,0.6020433101436122,0.586375000134022,8
2026-09-11T04:55:00Z,0.07838,0.07838,0.07836,0.07836,-1,0.5540942919497609,0.7307627658522738,0.595692728844107,0.07019420023355868,-0.5516383325202281,0.737830919085808,0.0000611126556476412,0,0,,-50.073573654950636,9.03679787557316,60,-60,,,0.07836929482930848,0.10772750592422232,-0.5543867307686624,0.595692728844107,-1,0.737830919085808,0.0000611126556476412,100,0.5702539209877672,0.6899033893501186,1,0.00004412745900164582,2.2032012637599712e-10,0.47368421052625426,0.021276595744672055,0.580427729479533,0.5876224509399548,8
2026-09-11T04:56:00Z,0.07839,0.0784,0.07838,0.07838,-1,0.5540942919497609,0.7307627658522738,0.5883689891183148,0.056260941755722674,-0.08366652260810992,0.7304603006138278,0.000060239295422560916,0,1,,-49.02610629529046,12.513053147699235,60,-60,,,0.07837562141280156,0.0910245392944298,-0.13726996473386732,0.5883689891183148,-1,0.7304603006138278,0.000060239295422560916,100,0.5704040088770583,0.68632204750173,1,2.2032012637382582e-10,0.00004412745900195827,0.4117647058823145,0.06122448979592068,0.5632247160293233,0.5842183033041377,8
2026-09-11T04:57:00Z,0.07838,0.07838,0.07835,0.07835,-1,0.5540942919497609,0.7307627658522738,0.5725017212018568,-0.01771735463592823,-0.4320013896593875,0.729953521570934,0.0000599071105361713,0,0,,-37.027835312721194,10.514733473639009,60,-60,,,0.07836361389677869,0.02736465061729744,-0.5100514803338665,0.5725017212018568,-1,0.729953521570934,0.0000599071105361713,100,0.5658337643620607,0.6819084139613893,1,0.004406508085174721,0,0.3333333333333333,0.20930232558140435,0.5208809399836295,0.5606534307542524,8
2026-09-11T04:58:00Z,0.07833,0.07835,0.07827,0.07827,-1,0.5540942919497609,0.7307627658522738,0.5660391641662464,-0.24690612865062173,-1.502897099844613,0.7455653668058893,0.000060807810619281846,0,0,,-31.35561718050402,11.690124337904752,60,-60,,,0.07831901056836588,-0.15022859571938307,-1.6230429042317487,0.5660391641662464,-1,0.7455653668058893,0.000060807810619281846,100,0.5615344563304885,0.6772381435334469,1,0.07855528776132019,19.49046548379244,0.16666666666665703,0.13636363636361198,0.5277444098376532,0.5784836903523981,8
2026-09-11T04:59:00Z,0.07834,0.07836,0.07829,0.07834,-1,0.5540942919497609,0.7307627658522738,0.559460003045842,-0.26689730716718585,-0.20297367596418225,0.8831474938694046,0.00007171431807025529,0,0,,26.35914174189984,6.8204193059121625,60,-60,,,0.07831847489735878,-0.18792838918502067,-0.37995588104911726,0.559460003045842,-1,0.8831474938694046,0.00007171431807025529,100,0.5595717312779329,0.6746384606187206,1,0.00007453306344170079,0.00007453306344170079,0.1199999999999467,0.01960784313727411,0.5147071673802425,0.5778961942298235,8
2026-09-11T05:00:00Z,0.07833,0.07833,0.07831,0.07831,-1,0.5564343635592042,0.7184313334250335,0.5564460886897975,-0.2598476376429687,0.013575818222386266,0.9025912794280425,0.00007297317116628054,0,0,,25.207004824089115,-16.603511805821007,60,-60,,,0.07830908734124592,-0.207359554913277,-0.1707593260762006,0.5564460886897975,-1,0.9025912794280425,0.00007297317116628054,100,0.5609159048277086,0.6725114473248536,1,0.00007453306344161009,0.00007453306344161009,0.21428571428566826,0.05660377358490961,0.5189126237543157,0.5819238962011012,8
2026-09-11T05:01:00Z,0.07834,0.07835,0.07832,0.07835,-1,0.5564343635592042,0.7184313334250335,0.5539174447197953,-0.12729700061410934,0.6569085262015868,0.8556407159378167,0.00006892969662048855,0,0,,6.09986353126311,-7.049934038839133,60,-60,,,0.07832411483356468,-0.13838840320188975,0.5253367241630785,0.5539174447197953,-1,0.8556407159378167,0.00006892969662048855,100,0.562289922316582,0.6710331610406676,1,0.00007453306344137773,0.00007453306344137773,0.03225806451611459,0.054545454545459136,0.518144028855547,0.5795762847040346,8
2026-09-11T05:02:00Z,0.07833,0.07839,0.07833,0.07839,-1,0.5564343635592042,0.7184313334250335,0.5686359575862353,0.08447142862261234,1.0930008286130182,0.8330220423497756,0.00006675725810360993,0,0,,72.47574640980628,-43.44750515937213,60,-60,,,0.07835521833517396,0.0043599484626508644,1.0868503436194845,0.5686359575862353,-1,0.8330220423497756,0.00006675725810360993,100,0.5625587310859713,0.6674045144335216,1,0,8.857120108347637,0.03030303030301756,0.13793103448275368,0.5667059403967414,0.6294400262414895,8
2026-09-11T05:03:00Z,0.07838,0.07838,0.07838,0.07838,-1,0.5564343635592042,0.7184313334250335,0.5969280737648907,0.21840072926164392,0.6415755584066338,0.8185794640355334,0.00006526586876845779,0,0,,50.50302957532667,-29.608928203504014,60,-60,,,0.07837148765232115,0.11293729960621712,0.7693529122426064,0.5969280737648907,-1,0.8185794640355334,0.00006526586876845779,100,0.5690087613946111,0.6684803442524749,1,0,1.415413763673663,0,0.08771929824562856,0.6178414552834468,0.6891831569609559,8
2026-09-11T05:04:00Z,0.07839,0.07839,0.07839,0.07839,-1,0.5564343635592042,0.7184313334250335,0.6161803422009896,0.2918750461735735,0.3032784227997823,0.7910124466153653,0.00006275420324015274,0,0,,-1.6875971366493485,-3.156201431675325,60,-60,,,0.07838594827288892,0.19229945835056997,0.5057985995646742,0.6161803422009896,-1,0.7910124466153653,0.00006275420324015274,100,0.5753222512882151,0.6693605686498004,1,0,7.277575731168481,0.09090909090909856,0.10344827586207722,0.6197471466720923,0.6896226114742824,8
2026-09-11T05:05:00Z,0.0784,0.0784,0.07839,0.0784,-1,0.5564343635592042,0.7184313334250335,0.6283107245741104,0.3243454967481833,0.08075052463117716,0.7599202052035569,0.000059730768357847256,0,0,,32.448042048437394,-19.19248583295612,60,-60,,,0.07839862069493184,0.24691272640060702,0.29904461037420144,0.6283107245741104,-1,0.7599202052035569,0.000059730768357847256,100,0.5746529464504366,0.6698304926660295,1,0,18.2967268367453,0.11764705882352701,0.24528301886790674,0.6152753307410058,0.6898676478996982,8
2026-09-11T05:06:00Z,0.07842,0.07843,0.07842,0.07842,-1,0.5564343635592042,0.7184313334250335,0.6387809071878322,0.35586549613542007,0.1068967879936919,0.7428615829646075,0.000057714606985301475,0,0,,9.198746185205081,-24.825544360738213,60,-60,,,0.07841554595758955,0.2985803471418327,0.30091896895106396,0.6387809071878322,-1,0.7428615829646075,0.000057714606985301475,100,0.5750976995943641,0.6688635242150043,1,5.757889157489229,4.917436867633949,0.11764705882352701,0.21568627450979752,0.624207780841839,0.6952347639887122,8
2026-09-11T05:07:00Z,0.07842,0.07845,0.07842,0.07845,-1,0.5564343635592042,0.7184313334250335,0.6445688904531027,0.42328387036715753,0.3233934828938657,0.738286018968465,0.00005677984148427628,0,0,,5.326516205208877,-18.74625681665315,60,-60,,,0.07844012797557784,0.37323122651231644,0.4869035608268744,0.6445688904531027,-1,0.738286018968465,0.00005677984148427628,100,0.5727659337047387,0.6670399718871121,1,8.314695200195324,3.1164352402624718,0.2941176470588379,0.307692307692318,0.6316186626547582,0.6806710513125294,8
2026-09-11T05:08:00Z,0.07843,0.07843,0.07839,0.0784,-1,0.5564343635592042,0.7184313334250335,0.647288729488999,0.29624832244845123,-0.7562132417762096,0.7476255705279424,0.0000569984672253198,0,0,,8.583542566956526,-17.077024951674158,60,-60,,,0.07842846817772195,0.29559342934976107,-0.6324654292063356,0.647288729488999,-1,0.7476255705279424,0.0000569984672253198,100,0.5757726817492036,0.6655479745279276,1,0,18.2967268367453,0.41935483870964274,0.16363636363634804,0.6318969137814204,0.6735599013401624,8
2026-09-11T05:09:00Z,0.07844,0.07847,0.07844,0.07846,-1,0.5564343635592042,0.7184313334250335,0.6451145076633696,0.279123054982089,-0.040478761391365414,0.8190986302883627,0.00006214728820566844,0,0,,0.3376526422293284,-8.191030104089698,60,-60,,,0.07844686480214991,0.2848305940594618,0.012148454883986637,0.6451145076633696,-1,0.8190986302883627,0.00006214728820566844,100,0.5753793271549517,0.6653596457383755,1,1.442126750812204,13.151849088717873,0.39999999999997227,0.16363636363636913,0.6231695987622256,0.6583625292619966,8
2026-09-11T05:10:00Z,0.07848,0.07848,0.07846,0.07846,-1,0.5592817268858432,0.7083122915056025,0.6379356523963013,0.28198963311829656,0.01618042310380255,0.841131530930372,0.00006355563977299643,0,0,,-0.5509250042202479,-19.724537136218675,60,-60,,,0.07845892978914193,0.2879401216690286,0.0340366845779152,0.6379356523963013,-1,0.841131530930372,0.00006355563977299643,100,0.5747821516460002,0.664890001580155,1,0.00013129598370032247,0.00013129598370032247,0.5555555555555327,0.16363636363636913,0.5951452883345674,0.652010595389762,8
2026-09-11T05:11:00Z,0.07843,0.07846,0.07843,0.07844,-1,0.5592817268858432,0.7083122915056025,0.6253554331470711,0.20712642782170865,-0.39951338122882196,0.7973005044263529,0.00005992542905837753,0,0,,-29.316616770046696,-5.296067932509764,60,-60,,,0.07845464264944904,0.23494109000405528,-0.4126183539975895,0.6253554331470711,-1,0.7973005044263529,0.00005992542905837753,100,0.5736988726525107,0.6637889079131445,1,0.311247937132385,1.0144215658228358e-9,0.35999999999995114,0.1428571428571287,0.5615778214833854,0.6388121678138355,8
2026-09-11T05:12:00Z,0.07845,0.07848,0.07843,0.07847,-1,0.5592817268858432,0.7083122915056025,0.6133584082967807,0.19650176997232546,-0.04248994904088116,0.8056716649289072,0.00005974605098824105,0,0,,35.625615968333086,-33.814685391841195,60,-60,,,0.07846576407642064,0.22130108767468437,-0.0886961670591993,0.6133584082967807,-1,0.8056716649289072,0.00005974605098824105,100,0.5665637170076155,0.6628880130946814,1,6.01703029811358e-7,0.010539650325341642,0.3333333333332948,0.15789473684208477,0.5498075654004443,0.6289211517919552,8
2026-09-11T05:13:00Z,0.07848,0.07848,0.07846,0.07846,-1,0.5592817268858432,0.7083122915056025,0.6140634154296393,0.1635470985099807,-0.18499385422747514,0.8031570591595216,0.00005875985144798574,0,0,,44.74486871196091,-34.37246373008823,60,-60,,,0.07846674070180913,0.19144336780483806,-0.2432950604581746,0.6140634154296393,-1,0.8031570591595216,0.00005875985144798574,100,0.5602641945854485,0.6597835796774075,1,0.00013129598370032247,0.00013129598370032247,0.3333333333332948,0.13793103448274707,0.5756351810602696,0.6553116783304436,8
2026-09-11T05:14:00Z,0.07847,0.07851,0.07847,0.07849,-1,0.5592817268858432,0.7083122915056025,0.614136218065017,0.19449550580990554,0.18029965771435116,0.8039722339559416,0.00005820381195762661,0,0,,3.245955261987958,-9.677856457126762,60,-60,,,0.0784813925226965,0.20579796080639165,0.1220077641180464,0.614136218065017,-1,0.8039722339559416,0.00005820381195762661,100,0.5549962832758153,0.6569369005670019,1,0,3.381366759760752,0.38461538461536,0.22033898305084826,0.5741884413460627,0.6543752053254819,8
2026-09-11T05:15:00Z,0.07846,0.07849,0.07845,0.07845,-1,0.5592817268858432,0.7083122915056025,0.6131653068809824,0.11261674901689665,-0.4501554946779093,0.8140549294824889,0.00005836687295131779,0,0,,-11.061071205422815,-14.468881498174948,60,-60,,,0.07847023008128802,0.1414382983682517,-0.500773290090136,0.6131653068809824,-1,0.8140549294824889,0.00005836687295131779,100,0.5569073504441234,0.65460779947667,1,0.010539650325341642,6.01703029811358e-7,0.17241379310346147,0.14285714285714915,0.570697398027908,0.6517495709979186,8
2026-09-11T05:16:00Z,0.0784,0.07845,0.0784,0.07842,-1,0.5592817268858432,0.7083122915056025,0.6115612801588609,-0.042449470635925315,-0.8790636314952782,0.8748426699225981,0.00006226786241143868,0,0,,-13.606393558085431,-12.27741988592366,60,-60,,,0.07844898110798341,0.02400243355726353,-0.958269711360914,0.6115612801588609,-1,0.8748426699225981,0.00006226786241143868,100,0.5577257128418985,0.6530088594444892,1,13.513990038709313,0,0,0.062499999999995934,0.5718005012010398,0.6449059522281961,8
2026-09-11T05:17:00Z,0.07845,0.07845,0.07842,0.07842,-1,0.5592817268858432,0.7083122915056025,0.609576535614539,-0.16638969899210393,-0.6726731190800961,0.8922902213248098,0.00006252844778301636,0,0,,-2.299306846015694,-14.850344937984005,60,-60,,,0.0784332334720324,-0.07825070252464549,-0.8080538904574923,0.609576535614539,-1,0.8922902213248098,0.00006252844778301636,100,0.5626319335389787,0.6517006357817957,1,0.00014256541285757459,0.00014256541285757459,0.1111111111111111,0.11475409836065424,0.5726947942989563,0.6385192987528335,8
2026-09-11T05:18:00Z,0.07842,0.07843,0.07842,0.07843,-1,0.5592817268858432,0.7083122915056025,0.6088361145327091,-0.20256165200897266,-0.17789310786818852,0.8642646597671649,0.000059809540600997937,0,0,,4.660915257157306,5.669280132460148,60,-60,,,0.07842820691335294,-0.12678905702263324,-0.3528649232999717,0.6088361145327091,-1,0.8642646597671649,0.000059809540600997937,100,0.5646423941916865,0.6503235828342286,1,6.644738062496461e-7,0.011252680931935556,0.1304347826087009,0.29629629629627724,0.5753642801113273,0.639346264626772,8
2026-09-11T05:19:00Z,0.07843,0.07844,0.07843,0.07843,-1,0.5592817268858432,0.7083122915056025,0.6087012752704696,-0.18417777220046289,0.10747176558212135,0.829084558726444,0.000056741678614834856,0,0,,0.35599503979010283,-4.178000057607694,60,-60,,,0.07842634653421754,-0.13691680153482555,-0.057985161519284456,0.6087012752704696,-1,0.829084558726444,0.000056741678614834856,100,0.5685039168264439,0.6480563107539324,1,0.0014257011246670342,0.0014257011246670342,0.17647058823530373,0.19148936170210756,0.5753831920022148,0.6414800014897661,8
2026-09-11T05:20:00Z,0.07841,0.07843,0.0784,0.07843,-1,0.5521268842801578,0.6955016178486928,0.6078881263318672,-0.14111176133636455,0.22465848375873673,0.810001360284936,0.00005486422473534753,0,0,,5.5583103231879445,1.2207968012898327,60,-60,,,0.07842599486863706,-0.12260204092355285,0.10333370053441651,0.6078881263318672,-1,0.810001360284936,0.00005486422473534753,100,0.5596723124133766,0.6462012699609627,1,0.0017284791025633042,0.0017284791025633042,0.17647058823530373,0.2727272727272555,0.5712392914569496,0.6412843654523751,8
2026-09-11T05:21:00Z,0.07843,0.07843,0.0783,0.0783,-1,0.5521268842801578,0.6955016178486928,0.6013397529388368,-0.36387145072619853,-1.553290377466685,0.8144094473879775,0.00005450475785333136,0,0,,-39.778329127089044,23.895208500738157,60,-60,,,0.07836844204273402,-0.2888819394231149,-1.6430868173089381,0.6013397529388368,-1,0.8144094473879775,0.00005450475785333136,100,0.5578459968017662,0.6473754826997516,1,0.03038808982813489,0.06981407445343549,0.5,0.09433962264152228,0.5503743106027614,0.6261117017027905,8
2026-09-11T05:22:00Z,0.0783,0.0783,0.07829,0.0783,-1,0.5521268842801578,0.6955016178486928,0.6020128486806595,-0.5659518696590775,-1.2291385657546794,1.2142035876024533,0.00008117629523997344,0,0,,-28.347529589936514,26.176163598943702,60,-60,,,0.07833332590808476,-0.4380210690787977,-1.3556821346178678,0.6020128486806595,-1,1.2142035876024533,0.00008117629523997344,100,0.5451217475127146,0.6479843325896505,1,0.01692425414236783,0.04638420508617676,0.6800000000000134,0.18367346938776205,0.5649354710423989,0.6417826092862108,8
2026-09-11T05:23:00Z,0.0783,0.07832,0.0783,0.07832,-1,0.5521268842801578,0.6955016178486928,0.6066482913173299,-0.6226548307729798,-0.37766778609267426,1.0759623841519013,0.00007170407777943983,0,1,,35.67303714373378,-7.023945965881968,60,-60,,,0.07831486120506888,-0.5069046164058415,-0.5694951742176458,0.6066482913173299,-1,1.0759623841519013,0.00007170407777943983,100,0.5493118276967789,0.6472452466406298,1,5.495976794229568e-7,6.657282301087484,0.538461538461522,0.12000000000000222,0.5792138424168052,0.6526245107645361,8
2026-09-11T05:24:00Z,0.07831,0.07831,0.07831,0.07831,-1,0.5521268842801578,0.6955016178486928,0.6139483604210134,-0.5887900963150852,0.10927065452608359,0.9929250131360905,0.00006586350430634392,0,0,,14.61892570596941,4.6235693133569855,60,-60,,,0.07830232827633567,-0.520517682471554,-0.08461430105582668,0.6139483604210134,-1,0.9929250131360905,0.00006586350430634392,100,0.5505849477403855,0.6470099582750207,1,0.00015901000646946774,0.9161799574774959,0.7499999999999856,0.15999999999998446,0.594204233582863,0.6628927636738978,8
2026-09-11T05:25:00Z,0.07827,0.0783,0.07826,0.0783,-1,0.5521268842801578,0.6955016178486928,0.6203253728907993,-0.505807025072262,0.30158661723945274,0.9334934894606974,0.00006156251253932205,0,0,,20.393969261333623,9.798285579069493,60,-60,,,0.078292265755585,-0.4841351636825345,0.16492265509285833,0.6203253728907993,-1,0.9334934894606974,0.00006156251253932205,100,0.5488839655577505,0.6468174496122497,1,0.01692425414236783,0.04638420508617676,0.7142857142857143,0.1999999999999889,0.5978936700569835,0.6682651256037587,8
2026-09-11T05:26:00Z,0.0783,0.0783,0.0783,0.0783,-1,0.5521268842801578,0.6955016178486928,0.6247681372273433,-0.40342192033912194,0.4665606742162669,0.8961306191149015,0.00005876758957172881,0,0,,21.201385748007308,5.394390078873112,60,-60,,,0.07828972299073403,-0.4230228274186446,0.4042230085146332,0.6247681372273433,-1,0.8961306191149015,0.00005876758957172881,100,0.5470200450193875,0.6462905242045747,1,0.01692425414236783,0.04638420508617676,0.6666666666666666,0.25,0.5977712343240787,0.669536097476784,8
2026-09-11T05:27:00Z,0.07829,0.0784,0.07828,0.0784,-1,0.5521268842801578,0.6955016178486928,0.6228014814353456,-0.0626434186415068,1.7420034440786674,0.8910923934432462,0.00005822112993584376,0,0,,50.30139617756784,-13.150698088783919,60,-60,,,0.07833450683975836,-0.16158419810133495,1.7608223968364698,0.6228014814353456,-1,0.8910923934432462,0.00005822112993584376,100,0.5470359876426811,0.6462037765226525,1,8.425040012769092,0,0.07142857142858913,0.09090909090910008,0.5864804777167473,0.6512558619859533,8
2026-09-11T05:28:00Z,0.0784,0.0784,0.07838,0.07838,-1,0.5521268842801578,0.6955016178486928,0.618990823788719,0.17780661968985256,1.215836176572364,1.1264146600701046,0.0000732919942712973,0,0,,45.57186012999598,-34.78596396781578,60,-60,,,0.07835507878745925,0.028677737071200082,1.3391927886120654,0.618990823788719,-1,1.1264146600701046,0.0000732919942712973,100,0.5463893413573818,0.6465022194664877,1,0.00014878838692567736,0.00014878838692567736,0.17241379310342186,0.03846153846152204,0.58535038545077,0.6373886315401611,7
2026-09-11T05:29:00Z,0.07838,0.07838,0.07835,0.07835,-1,0.5521268842801578,0.6955016178486928,0.6155948187971028,0.23026183455613058,0.3079003946842698,1.0502712637488913,0.00006790672414395396,0,0,,-29.069532750322775,-0.9495595110059689,60,-60,,,0.07835699585424111,0.10185916701863788,0.5178714521114895,0.6155948187971028,-1,1.0502712637488913,0.00006790672414395396,100,0.5428035394627976,0.6470710357877676,1,3.5478665464749604,0,0.24999999999997832,0.22448979591835694,0.5804600860897848,0.6371455315379557,7
2026-09-11T05:30:00Z,0.07836,0.07838,0.07836,0.07838,-1,0.5487127215989496,0.6871614526459354,0.597997658267527,0.27428422575910905,0.21729510216050374,1.0140956096551423,0.000065242492429037,0,0,,8.541313747902425,-0.2706700762018386,60,-60,,,0.07837209752116442,0.17119528196122025,0.44475179214149285,0.597997658267527,-1,1.0140956096551423,0.000065242492429037,100,0.5410845303847458,0.6475364309597238,1,0.0003091386411022182,0.0003091386411022182,0.1428571428571202,0.15384615384614153,0.5524510561127869,0.5731556183039642,7
2026-09-11T05:32:00Z,0.0784,0.07842,0.07834,0.07834,-1,0.5487127215989496,0.6871614526459354,0.5714326617215791,0.17052988578645273,-0.42467759745185674,1.0004010943249269,0.00006403719775610813,0,0,,-14.018281175266102,4.1101249566327525,60,-60,,,0.07836144567660848,0.12901632304296007,-0.23387819398053433,0.5714326617215791,-1,1.0004010943249269,0.00006403719775610813,100,0.5435490026490265,0.6466957613922796,1,15.70783686294269,0,0.1538461538461949,0.18518518518516044,0.5291177184711622,0.5074876187882041,7
2026-09-11T05:33:00Z,0.07832,0.07832,0.07831,0.07831,-1,0.5487127215989496,0.6871614526459354,0.5492509157023007,-0.01943256934656923,-0.8264461895327233,1.0051290241849182,0.00006406677165333893,0,0,,-65.80262813676644,34.61619289434429,60,-60,,,0.07833765057164933,0.012646436208227238,-0.7243014065627383,0.5492509157023007,-1,1.0051290241849182,0.00006406677165333893,100,0.5436765198059056,0.6460079408370979,1,17.36975858800978,1.4427890288071776,0.034482758620722656,0.29629629629627724,0.5208836979347985,0.48889114939268896,7
2026-09-11T05:34:00Z,0.0783,0.0783,0.0783,0.0783,-1,0.5487127215989496,0.6871614526459354,0.5342380508086382,-0.19847995551947764,-0.7331855597560593,0.9893142754146481,0.0000628207564521512,0,0,,-16.341872252654436,4.172500355314046,60,-60,,,0.07831568484765158,-0.1154977903192675,-0.7455153890021013,0.5342380508086382,-1,0.9893142754146481,0.0000628207564521512,100,0.5462037133156729,0.6440660343523988,1,0.019143816114149902,17.917365836417073,0.07142857142858913,0.29629629629629534,0.5331267582804357,0.4752978837621907,7
2026-09-11T05:35:00Z,0.0783,0.0783,0.07829,0.0783,-1,0.5487127215989496,0.6871614526459354,0.519589844083786,-0.293827073395814,-0.3480643353982116,0.953016414898792,0.00006032092229144464,0,0,,35.350274561016924,-22.629285578354143,60,-60,,,0.07830286046704368,-0.20092308057487623,-0.4516355800503105,0.519589844083786,-1,0.953016414898792,0.00006032092229144464,100,0.5449143433048472,0.6422043680337838,1,0.0008985648416805523,5.398251129273466,0.037037037037071306,0.3725490196078442,0.5103540251174853,0.4702328361506778,8
2026-09-11T05:36:00Z,0.0783,0.0783,0.0783,0.0783,-1,0.5487127215989496,0.6871614526459354,0.5056064280910723,-0.3088671198124912,0.013577264989231952,0.9223649046737392,0.00005818472709317718,0,0,,34.90152200335653,-22.392796904518175,60,-60,,,0.07829688906648014,-0.23574026104417448,-0.1280747427853876,0.5056064280910723,-1,0.9223649046737392,0.00005818472709317718,100,0.5490666690252283,0.6406811865003714,1,0.0008985648416805523,5.398251129273466,0,0.31914893617021906,0.4795392684692089,0.47573992374208096,8
2026-09-11T05:37:00Z,0.0783,0.0783,0.0783,0.0783,-1,0.5487127215989496,0.6871614526459354,0.5042742290521188,-0.26997619267136164,0.24157177297684793,0.8964772122277417,0.000056261384814941857,0,0,,-0.404118160111655,0.20206089568768035,60,-60,,,0.07829500692419808,-0.22922263854001046,0.11156343707026228,0.5042742290521188,-1,0.8964772122277417,0.000056261384814941857,100,0.5539831003374232,0.6377654204151428,1,0.0008985648416805523,5.398251129273466,0,0.2727272727272785,0.4955663690448749,0.5076532929035488,8
2026-09-11T05:38:00Z,0.07834,0.07835,0.0783,0.0783,-1,0.5487127215989496,0.6871614526459354,0.5447872743435859,-0.20299774296213474,0.3224711757993308,0.884704556090961,0.000055264773883613555,0,0,,-21.55569562629476,-9.221508388410083,60,-60,,,0.07829443802578345,-0.1922897946266119,0.23384824543800944,0.5447872743435859,-1,0.884704556090961,0.000055264773883613555,100,0.5522064550274124,0.6474977674834966,1,0.005973348795599669,4.900687752871933,0.6249999999999891,0.2727272727272785,0.6022628579093513,0.6493638719436886,7
2026-09-11T05:39:00Z,0.07837,0.07838,0.07834,0.07834,-1,0.5487127215989496,0.6871614526459354,0.5698582947194558,-0.03228906415365429,0.8808092948950452,0.8815700586395518,0.00005487940182821937,0,0,,-70.98081633127428,30.26494310214273,60,-60,,,0.07831347721360966,-0.06981157215817452,0.8453669679735535,0.5698582947194558,-1,0.8815700586395518,0.00005487940182821937,100,0.5521161135201845,0.6563461768451649,1,30.35900541413838,1.003535827257698,0.22222222222217938,0.19148936170209624,0.5957017670844124,0.6442989038579788,7
2026-09-11T05:40:00Z,0.07835,0.07835,0.0783,0.0783,-1,0.5487127215989496,0.6871614526459354,0.5875316907038338,0.0045008218561313346,0.1862683562067834,0.9297691431606834,0.00005773004364926414,0,0,,-91.0600527331973,33.53274603388025,60,-60,,,0.07830839208437725,-0.03563619327007675,0.21459044997161414,0.5875316907038338,-1,0.9297691431606834,0.00005773004364926414,100,0.5493425830229292,0.6628267390411355,1,0.005973348795599669,4.900687752871933,0.26315789473683443,0.2549019607842977,0.6000721841678397,0.6456847811773403,7
2026-09-11T05:41:00Z,0.07835,0.07835,0.07834,0.07834,-1,0.5506292499747323,0.688854188948694,0.5985183258257984,0.09088540855490883,0.45030155543795,0.9553430384222803,0.0000591974115828424,0,0,,-56.64994014587487,28.92414927093359,60,-60,,,0.07832267269189576,0.03353347532553072,0.5145993964419913,0.5985183258257984,-1,0.9553430384222803,0.0000591974115828424,100,0.5511445911398065,0.668943968726585,1,30.35900541413838,0.000315376413751701,0.1999999999999445,0.16363636363633152,0.5960460384768214,0.6449371536626343,8
2026-09-11T05:42:00Z,0.0783,0.0783,0.07826,0.07826,-1,0.5506292499747323,0.688854188948694,0.5968828668797941,-0.029599651858942297,-0.6169381449550508,0.9577261417497512,0.00005918499223934707,0,0,,-44.31447162570918,18.157252327321213,60,-60,,,0.07829731068686094,-0.03298619194846247,-0.5426139082971901,0.5968828668797941,-1,0.9577261417497512,0.00005918499223934707,100,0.548270559180695,0.6752213951854943,1,0.00007453306344179809,1.4180385390925047e-7,0.3333333333332948,0.07999999999998557,0.577516444916523,0.6097074530590475,6
2026-09-11T05:43:00Z,0.07829,0.07829,0.07829,0.07829,-1,0.5506292499747323,0.688854188948694,0.5922735345609335,-0.09606456137022083,-0.33220309869298326,1.0800420446033578,0.00006685156540156457,0,0,,-27.8760006825985,13.93800034129925,60,-60,,,0.07829188578895635,-0.07183085915825276,-0.30731100552716195,0.5922735345609335,-1,1.0800420446033578,0.00006685156540156457,100,0.5459077855820625,0.6800631251724991,1,0,0.22901544115312555,0.08333333333333816,0.018867924528292005,0.5788190868610713,0.5872906529853533,6
2026-09-11T05:44:00Z,0.07829,0.07829,0.07828,0.07829,-1,0.5506292499747323,0.688854188948694,0.5848578926277107,-0.1195894855478703,-0.10843384402663167,1.0140382562114432,0.00006279074933294414,0,0,,10.25125608642926,14.862633477110334,60,-60,,,0.07828876639607833,-0.08962185124244534,-0.12482042220282105,0.5848578926277107,-1,1.0140382562114432,0.00006279074933294414,100,0.5508068768883637,0.6835039352979505,1,0,0.22901544115312555,0.04347826086953898,0.058823529411761506,0.576136980444985,0.5639162370775455,6
2026-09-11T05:45:00Z,0.07828,0.07828,0.07826,0.07827,-1,0.5506292499747323,0.688854188948694,0.580007308952304,-0.1671395457635257,-0.19550052847224536,0.9411007656076937,0.000058217154212734666,0,0,,10.956873460011389,10.521561680443378,60,-60,,,0.07827666361404421,-0.13023881944960214,-0.23917324008753216,0.580007308952304,-1,0.9411007656076937,0.000058217154212734666,100,0.5525662203235755,0.6863191435824108,1,1.8669965817387265e-7,0.00002901468075116108,0.11999999999993338,0.0769230769230646,0.58268921394908,0.5579230692539013,6
2026-09-11T05:46:00Z,0.07828,0.07832,0.07828,0.0783,-1,0.5506292499747323,0.688854188948694,0.5732170744741409,-0.10112234771057269,0.2987019813998882,0.9066294983867438,0.00005601464236534676,0,0,,-0.08308722710947619,12.041543613554738,60,-60,,,0.0782860472013602,-0.08881848673568304,0.2485618151575334,0.5732170744741409,-1,0.9066294983867438,0.00005601464236534676,100,0.5532158871006548,0.6886224958151509,1,0,4.539902508889381,0,0,0.5696018634707628,0.5496713475648667,6
2026-09-11T05:48:00Z,0.07831,0.07831,0.07829,0.07831,-1,0.5506292499747323,0.688854188948694,0.5655858264060379,0.0027445631614079757,0.47338771922072875,0.9073210259501576,0.000055988363647735466,0,0,,4.843880673101811,16.77620206907993,60,-60,,,0.07829797087763253,-0.014974831016558457,0.45360524043577777,0.5655858264060379,-1,0.9073210259501576,0.000055988363647735466,100,0.5574246610235828,0.6901600297074362,1,0,33.10806555668881,0.03448275862071936,0.0181818181818347,0.551061863463623,0.5495847970760412,6
2026-09-11T05:49:00Z,0.07827,0.07829,0.07827,0.07829,-1,0.5506292499747323,0.688854188948694,0.5568116681205357,0.020075157281010794,0.07600047770740603,0.8593980467726678,0.00005289793544727454,0,0,,16.547714909092825,11.709659861871225,60,-60,,,0.07829465542363198,0.00033804013391523086,0.09193753458923104,0.5568116681205357,-1,0.8593980467726678,0.00005289793544727454,100,0.564630328222213,0.6898982545707599,1,0.0004409204625123418,0.19921401441724199,0.032258064516111705,0.23404255319146047,0.5358428245514614,0.5426838785476014,7
2026-09-11T05:51:00Z,0.07836,0.07837,0.07833,0.07835,-1,0.5506292499747323,0.688854188948694,0.5535907205373584,0.15319296522269255,0.7240642298564176,0.8445712114177281,0.00005187318160549025,1,0,,11.356522728789612,9.898685349887364,60,-60,,,0.07832225009745498,0.10342207987997343,0.7651190280411538,0.5535907205373584,-1,0.8445712114177281,0.00005187318160549025,100,0.5661682173085243,0.6878776814680031,1,4.777293825206385,7.450401779153043,0.03030303030301501,0.058823529411761506,0.5427254082891327,0.5515722424528743,7
2026-09-11T05:52:00Z,0.07831,0.07831,0.0783,0.0783,-1,0.5506292499747323,0.688854188948694,0.5503103927908182,0.14114718341565768,-0.06364161271563995,0.9372108534170869,0.00005725600859218144,0,0,,-39.656203298947126,31.82810262107045,60,-60,,,0.07831698690510469,0.10733457463113211,0.01050292895556526,0.5503103927908182,-1,0.9372108534170869,0.00005725600859218144,100,0.5658927923524465,0.6868586627630966,1,0.000004900100382859377,4.666202212389,0,0.0943396226415124,0.5407714893331211,0.5467279852623543,7
2026-09-11T05:54:00Z,0.07829,0.07836,0.07829,0.07836,-1,0.5530109839061624,0.6876576234291164,0.5451582076265393,0.2049045289885813,0.3630566529887217,0.9666098025152752,0.00005882283967196951,0,0,,2.8343955994009398,18.582801144018596,60,-60,,,0.07833827489321869,0.1594978923624222,0.44093571617864746,0.5451582076265393,-1,0.9666098025152752,0.00005882283967196951,100,0.5654993367606559,0.6860249201863549,1,0.5284767863401665,0.00007453306344181135,0.05555555555552986,0.03571428571429191,0.5343653745760366,0.5353423000199267,7
2026-09-11T05:55:00Z,0.07837,0.07848,0.07837,0.07842,-1,0.5530109839061624,0.6876576234291164,0.546458515481334,0.332815054155158,0.8311244919914593,1.0399342497285435,0.0000632132657509841,0,0,,6.611110492673111,12.626410184483259,60,-60,,,0.07837507463114048,0.24848431696209272,0.9296642959123653,0.546458515481334,-1,1.0399342497285435,0.0000632132657509841,100,0.5678643169294207,0.6844173738417996,1,17.414296134612897,2.05818884000157,0.4705882352941104,0.13793103448273386,0.5564358063296077,0.5416824560522389,7
2026-09-11T05:56:00Z,0.0784,0.07842,0.07831,0.07831,-1,0.5530109839061624,0.6876576234291164,0.5375067139044865,0.23810381523682445,-0.34833139994155604,1.1022303028453397,0.0000669108905248595,0,0,,-90.27718744594395,57.36666869317333,60,-60,,,0.07836108589408043,0.20468394457081934,-0.22760106648692813,0.5375067139044865,-1,1.1022303028453397,0.0000669108905248595,100,0.5576705504797411,0.685794082038382,1,0.5052770841757116,51.24738460187802,0.047619047619060204,0,0.5288177289614768,0.5103884925401061,7
2026-09-11T05:57:00Z,0.07831,0.07831,0.07831,0.07831,-1,0.5530109839061624,0.6876576234291164,0.5308850397953292,0.0902670048925387,-0.6333791353932626,1.329284116106412,0.00008111715925559045,0,0,,-54.56683915831613,35.36001564215267,60,-60,,,0.0783469260429531,0.12883695623834976,-0.563525366617676,0.5308850397953292,-1,1.329284116106412,0.00008111715925559045,100,0.5560567438428633,0.6869204796537677,1,0.28074216566722254,46.056178105038484,0.047619047619060204,0.01538461538462918,0.5244564872062399,0.5108268959477894,7
2026-09-11T05:58:00Z,0.07835,0.07835,0.07833,0.07834,-1,0.5530109839061624,0.6876576234291164,0.5349189803235873,0.0079560107916785,-0.3446221905594541,1.1900084474903105,0.00007288807339824864,0,0,,2.4424511412479264,2.778594729041836,60,-60,,,0.07834486418097886,0.07799568570624567,-0.3556336507134983,0.5349189803235873,-1,1.1900084474903105,0.00007288807339824864,100,0.5455590428935005,0.684559660297858,1,0.00007453306344147306,0.014714753647682516,0.1627906976744096,0.05882352941177671,0.5544663574300754,0.5315073653301313,7
2026-09-11T05:59:00Z,0.07833,0.07836,0.07833,0.07836,-1,0.5530109839061624,0.6876576234291164,0.538385331674178,0.014645831663831705,-0.0040390387441514575,1.1218534674707792,0.00006893839601183783,0,0,,29.540107119727942,4.751322399603501,60,-60,,,0.07835357354181298,0.07538843630579663,-0.06628991466190653,0.538385331674178,-1,1.1218534674707792,0.00006893839601183783,100,0.5519493278031586,0.6810888913438053,1,1.397241569361068e-9,3.240503080050673,0.14285714285714285,0.08571428571428458,0.562749926906934,0.5278861418437849,7
2026-09-11T06:00:00Z,0.0783,0.07832,0.0783,0.0783,-1,0.5530109839061624,0.6876576234291164,0.5399121995847914,-0.09226491489057836,-0.4202976487428059,1.0653437559839065,0.00006558530373715025,0,0,,15.47477304036364,-11.737386520181822,60,-60,,,0.07832656794460122,-0.018409082623445275,-0.5087478296157817,0.5399121995847914,-1,1.0653437559839065,0.00006558530373715025,100,0.5540127573941173,0.6782491712904896,1,4.6546919178710295,0,0.021276595744700956,0,0.5601854312727944,0.5257464395392423,7
2026-09-11T06:01:00Z,0.07832,0.07834,0.07832,0.07834,-1,0.5530109839061624,0.6876576234291164,0.539086019327769,-0.0915774841297547,0.01078998784360291,1.0995733496782027,0.00006797509771593975,0,0,,-4.51204188698826,-1.7439780492708756,60,-60,,,0.07833078423426514,-0.03684056052017852,-0.09655789595641473,0.539086019327769,-1,1.0995733496782027,0.00006797509771593975,100,0.5527624963760783,0.6767407154992502,1,0.00004464652677755488,0.010248049054171154,0.10204081632654102,0.05000000000001041,0.5533797902963845,0.5214875273310638,7
2026-09-11T06:02:00Z,0.07833,0.07836,0.07831,0.07836,-1,0.5530109839061624,0.6876576234291164,0.538165656000855,-0.014705621536590718,0.3111496200306951,1.0823170380895162,0.00006714568188235731,0,0,,49.25301687397514,-29.488069546185955,60,-60,,,0.07834450269636535,0.0030818120788860814,0.22111331025731007,0.538165656000855,-1,1.0823170380895162,0.00006714568188235731,100,0.5502609056484966,0.6751133316813621,1,2.355790922780203e-9,3.4985110106163773,0.022222222222212627,0.025641025641013778,0.5454669691409829,0.5271828895530711,7
2026-09-11T06:03:00Z,0.07837,0.07847,0.07837,0.07847,-1,0.5530109839061624,0.6876576234291164,0.529435491198513,0.24508093850592116,1.1618655133875975,1.0439650694720095,0.00006491490882346979,0,0,,94.38080030383618,-51.19043532436897,60,-60,,,0.07840625645379208,0.1825470709676784,1.1304773724296018,0.529435491198513,-1,1.0439650694720095,0.00006491490882346979,100,0.5507624992876927,0.6760243260492343,1,0.0000011284638365646997,0.00007453306344156442,0.3333333333333333,0.19999999999999346,0.5280485739207086,0.49590174926694963,6
2026-09-11T06:04:00Z,0.07842,0.07842,0.07842,0.07842,-1,0.5533629546478311,0.6868088243346773,0.522399761854117,0.35304445265698214,0.4767615930384961,1.2946935679175449,0.00008090425035526771,0,0,,51.81096990402583,-29.90550426016445,60,-60,,,0.07842307046315482,0.2675359433423567,0.5284237371089853,0.522399761854117,-1,1.2946935679175449,0.00008090425035526771,100,0.5515232854145377,0.6772906719329556,1,8.600635275060792,0.0000745330634417074,0.12000000000000888,0.09302325581394673,0.5371411250012497,0.47951548132940003,8
2026-09-11T06:05:00Z,0.07842,0.07842,0.0784,0.0784,-1,0.5533629546478311,0.6868088243346773,0.543178634027748,0.3123046407061041,-0.13495467153468876,1.2197329378934334,0.00007660830686124243,0,1,,-18.816798364554135,-3.255060012181385,60,-60,,,0.07842099693459037,0.2616141865499265,-0.04002173559073874,0.543178634027748,-1,1.2197329378934334,0.00007660830686124243,100,0.5468485020638568,0.6910422660795943,1,77.9786301941955,1.374464739127591e-9,0.04347826086957834,0.17499999999999652,0.6129923046959859,0.5564804520540345,8
2026-09-11T06:07:00Z,0.07842,0.07842,0.07842,0.07842,-1,0.5533629546478311,0.6868088243346773,0.5546494220937846,0.25628035898000856,-0.20541428391863623,1.1229518854758103,0.0000707967722839843,0,0,,-19.49711983978268,-6.251432814208311,60,-60,,,0.0784261054916443,0.24162935501825095,-0.1270790130194272,0.5546494220937846,-1,1.1229518854758103,0.0000707967722839843,100,0.5484397400260714,0.7001712613086161,1,0.0000745330634413649,34.81757198493883,0.29729729729728716,0.16455696202531733,0.6320082130964388,0.5231737833552771,8
2026-09-11T06:08:00Z,0.07842,0.07842,0.07842,0.07842,-1,0.5533629546478311,0.6868088243346773,0.5504006750166134,0.19327489741403098,-0.24389701877647124,1.061204245527399,0.00006708112465068373,0,0,,0.1776022305692776,-12.114923517349578,60,-60,,,0.07842687196242147,0.20769617398543766,-0.2062478821919488,0.5504006750166134,-1,1.061204245527399,0.00006708112465068373,100,0.5474681106871435,0.7072713786627501,1,0.000010116840498384805,29.416749982482486,0.29729729729728716,0.16455696202531733,0.5953783873604848,0.4884279743640568,8
2026-09-11T06:09:00Z,0.07839,0.0784,0.07835,0.0784,-1,0.5533629546478311,0.6868088243346773,0.5306670176455456,0.08689684910586248,-0.4077263715529478,1.0144376801781674,0.00006423221266498506,0,1,,51.55672855614875,-33.91316795242538,60,-60,,,0.07841569452893893,0.12658177085342345,-0.4151128774312768,0.5306670176455456,-1,1.0144376801781674,0.00006423221266498506,100,0.5427332847769286,0.7134496261493799,1,0.05609331436904747,0.5229333905629736,0.16666666666663454,0.16455696202529688,0.5409218220483576,0.44147758375846247,8
2026-09-11T06:10:00Z,0.07841,0.07841,0.07838,0.07838,-1,0.5533629546478311,0.6868088243346773,0.4988037213919351,-0.04335629304384789,-0.5113401701999646,0.9897012392737378,0.00006273750663222483,0,0,,45.29672798260095,-42.648412841957025,60,-60,,,0.07839701101688411,0.01830777094011904,-0.5646363466729051,0.4988037213919351,-1,0.9897012392737378,0.00006273750663222483,100,0.541513563670594,0.7188193619968662,1,4.468594174633415,0.00021569176729627337,0.05555555555557055,0.10256410256411032,0.4855715216309977,0.3845827361384305,8
2026-09-11T06:11:00Z,0.07838,0.07839,0.07838,0.07839,-1,0.5533629546478311,0.6868088243346773,0.48514016289279144,-0.10504142439332333,-0.2220741091025073,0.9743002934313368,0.00006175967668865693,0,0,,-3.1834646079514,-14.401543187656875,60,-60,,,0.07839130594021192,-0.0442748930956966,-0.312186787496701,0.48514016289279144,-1,0.9743002934313368,0.00006175967668865693,100,0.5383619312751955,0.7321126328697743,1,0.4224647794500006,0.004712178908856799,0.29032258064517863,0.10256410256409436,0.5317506266694954,0.383875465119513,8
2026-09-11T06:12:00Z,0.07838,0.07839,0.07837,0.07838,-1,0.5533629546478311,0.6868088243346773,0.4747471729530692,-0.14301583593441194,-0.12667353818715615,0.959742576374997,0.000060796487911477244,0,0,,2.501027090484837,-13.250513696920315,60,-60,,,0.07838300338207448,-0.09126573436290372,-0.22820676622186292,0.4747471729530692,-1,0.959742576374997,0.000060796487911477244,100,0.5382002915405296,0.7429889454021538,1,0.00007453306344174288,0.000012129248656428508,0.14285714285714285,0.1168831168831225,0.530175104675146,0.37774728147210346,7
2026-09-11T06:13:00Z,0.07838,0.07842,0.07838,0.07842,-1,0.5533629546478311,0.6868088243346773,0.4647149484597097,-0.045083359272380774,0.442891263862824,0.9451053311739064,0.000059901706918446755,0,0,,50.19193955489436,-38.81635642506801,60,-60,,,0.07840030850361444,-0.03263359724720534,0.35668202704991253,0.4647149484597097,-1,0.9451053311739064,0.000059901706918446755,100,0.5408519939985311,0.7519898112097296,1,0,22.794045013401036,0.2000000000000185,0.09333333333333235,0.5219836807078679,0.3673173182381133,7
2026-09-11T06:14:00Z,0.07841,0.07841,0.07838,0.07839,-1,0.5533629546478311,0.6868088243346773,0.4556882309563597,-0.023210494878117726,0.09800193406668395,0.9798575312249554,0.00006218787427287634,0,0,,35.915184924912175,-37.9579164459912,60,-60,,,0.07839562303171166,-0.023581244696367992,0.05289058765681326,0.4556882309563597,-1,0.9798575312249554,0.00006218787427287634,100,0.5350252380973756,0.7593541559613826,1,3.1052169823805996e-7,0.001804159080869287,0.36363636363635216,0.12328767123288452,0.512914686795292,0.36235490510402735,7
2026-09-11T06:15:00Z,0.07838,0.07841,0.07837,0.07839,-1,0.5474671522175004,0.7053171083562982,0.4498283904027521,-0.025206202366960112,-0.009216233063340212,0.9798166226619038,0.00006233217064062065,0,0,,-17.059169586563318,-7.470408849357497,60,-60,,,0.07839248898736415,-0.02795209167451513,-0.029156150833202304,0.4498283904027521,-1,0.9798166226619038,0.00006233217064062065,100,0.5324635659489458,0.7646723796872389,1,0.0000745330634417756,0.00175971829353843,0.17647058823530373,0.04477611940298817,0.5078329885541961,0.3683844300368777,7
2026-09-11T06:16:00Z,0.07838,0.07839,0.07838,0.07839,-1,0.5474671522175004,0.7053171083562982,0.4443436983903504,-0.03099447248782396,-0.021134638334007798,0.9164282313345783,0.00005836932838327545,0,0,,28.87623093282362,-6.438301323733775,60,-60,,,0.07839051735191871,-0.033519969556546264,-0.028428812673063318,0.4443436983903504,-1,0.9164282313345783,0.00005836932838327545,100,0.5308021095707057,0.7690236536447578,1,0.00019664572927286523,0.0012872685662932998,0.06666666666664199,0.04918032786885619,0.4980758670850113,0.3686727616460826,7
2026-09-11T06:17:00Z,0.0784,0.0784,0.07838,0.07838,-1,0.5474671522175004,0.7053171083562982,0.44186432228319744,-0.061318059541125694,-0.12460940777630808,0.8590180713427614,0.000054241596775226496,0,0,,-14.907627054737873,3.454896006026921,60,-60,,,0.07838382656190172,-0.057424821929672375,-0.1293999117348987,0.44186432228319744,-1,0.8590180713427614,0.000054241596775226496,100,0.5326543021155802,0.7717982508039095,1,0.014522481063019444,0.000006784691053400796,0.28571428571429985,0.13725490196078644,0.501657724963831,0.37215341517395223,7
2026-09-11T06:18:00Z,0.07835,0.07835,0.07829,0.07835,-1,0.5474671522175004,0.7053171083562982,0.44019259921907844,-0.14337406264518926,-0.4436512376322442,0.8422246506439042,0.00005284266906101966,0,0,,0.04124280168995642,3.979378599155023,60,-60,,,0.07836532967260602,-0.12046772158918567,-0.45920579457063926,0.44019259921907844,-1,0.8422246506439042,0.00005284266906101966,100,0.533570103083447,0.7746489218149021,1,14.699019960266073,0,0.41176470588238173,0.07407407407407123,0.5018593802143879,0.37183892596729295,7
2026-09-11T06:19:00Z,0.07837,0.07837,0.07836,0.07837,-1,0.5474671522175004,0.7053171083562982,0.43917102308939443,-0.15190920866375068,-0.03667339100603423,0.8571835202318123,0.00005358355499965997,0,0,,101.84865220549807,-46.92432610944822,60,-60,,,0.07836408231303023,-0.13269653539958046,-0.07249387246582073,0.43917102308939443,-1,0.8571835202318123,0.00005358355499965997,100,0.5400546208649435,0.776761973890226,1,0.39455053524564027,1.3155171271396152e-8,0.17647058823533254,0.05660377358488491,0.4981505652083016,0.37610517645175123,7
2026-09-11T06:20:00Z,0.07836,0.07837,0.07836,0.07837,-1,0.5474671522175004,0.7053171083562982,0.4377085238922725,-0.12406026306387466,0.1544427081525203,0.8392695253574219,0.00005230745646318432,0,0,,61.07930579894655,-26.53965290349082,60,-60,,,0.07836469662371566,-0.11852367765130614,0.12056913116691279,0.4377085238922725,-1,0.8392695253574219,0.00005230745646318432,100,0.5472520613623979,0.7779102886165318,1,0.39455053524564027,1.3155171271396152e-8,0.06666666666674068,0.019607843137247432,0.4969847640750414,0.37258228692101597,7
2026-09-11T06:21:00Z,0.07837,0.07837,0.07837,0.07837,-1,0.5474671522175004,0.7053171083562982,0.43698818081470475,-0.08501598516468872,0.2082326447972603,0.8141756531593375,0.000050609788208407454,0,0,,0.6550957720505979,3.377819764829539,60,-60,,,0.07836605328948903,-0.0934040669283348,0.1938360535955051,0.43698818081470475,-1,0.8141756531593375,0.000050609788208407454,100,0.552218666143388,0.7788498188471455,1,0.001710748005338755,89.95092373223447,0.1428571428571995,0.15555555555555967,0.49643402194930825,0.3746609673698304,8
2026-09-11T06:22:00Z,0.07837,0.07837,0.07828,0.07831,-1,0.5474671522175004,0.7053171083562982,0.44231017597923933,-0.19401867004721035,-0.6586143894456229,0.8242869922918482,0.00005108250518152885,0,0,,-54.26081462945649,34.66758159574303,60,-60,,,0.07833791838105898,-0.17288734259184138,-0.6639659160635576,0.44231017597923933,-1,0.8242869922918482,0.00005108250518152885,100,0.5532831329539665,0.7776428707515237,1,13.037674812550879,4.944301637396758,0.3684210526316174,0.06382978723405135,0.5142976021120752,0.3916107305045418,8
2026-09-11T06:23:00Z,0.0783,0.07832,0.07825,0.07825,-1,0.5474671522175004,0.7053171083562982,0.4554102138040388,-0.3913260411574525,-1.2643732798531768,0.9472067470758132,0.00005837479138481186,0,1,,-100.957369281234,60.506151647950354,60,-60,,,0.07829644701025762,-0.31135222953796904,-1.3059423551289557,0.4554102138040388,-1,0.9472067470758132,0.00005837479138481186,100,0.5591572278751918,0.775615372329117,1,19.86475495295472,1.0494793676164569,0.8095238095238725,0.21568627450980926,0.5406007810318371,0.42261979787543835,8
2026-09-11T06:24:00Z,0.07826,0.07826,0.07826,0.07826,-1,0.5474671522175004,0.7053171083562982,0.4696335707599041,-0.530725687396141,-0.7498837939904623,1.0033077846014435,0.00006171747866028891,0,0,,-51.854389772157575,28.700089343614668,60,-60,,,0.0782699583676803,-0.4219984466218153,-0.8694073632323072,0.4696335707599041,-1,1.0033077846014435,0.00006171747866028891,100,0.5657980382461588,0.7739565099835116,1,10.69492658083401,6.709159532173098,0.6842105263158818,0.5121951219512493,0.5600677484011077,0.4360928209421615,8
2026-09-11T06:25:00Z,0.07824,0.07824,0.07824,0.07824,-1,0.5511771656870106,0.717020294613801,0.4870583505167649,-0.6107179089063921,-0.36781346006369114,0.9446702744394768,0.00005796021473858593,0,0,,3.105507061644611,-1.552759465131277,60,-60,,,0.07824453387008252,-0.5049838559576035,-0.5504337236503963,0.4870583505167649,-1,0.9446702744394768,0.00005796021473858593,100,0.5661751633468219,0.7731798050360664,1,0.00038217971195757467,0.00038217971195757467,0.7142857142857898,0.4736842105263427,0.5887638236218572,0.45505199643911554,8
2026-09-11T06:26:00Z,0.07823,0.07825,0.0782,0.07821,-1,0.5511771656870106,0.717020294613801,0.503842113080782,-0.6528131967600121,-0.23177383263447468,0.9218499708905437,0.00005639953217243044,0,0,,-45.711230966743074,24.005047507092808,60,-60,,,0.07821619716333239,-0.5632138296330675,-0.4320896496152169,0.503842113080782,-1,0.9218499708905437,0.00005639953217243044,100,0.558084369799993,0.7725443191699749,1,5.029101161408379,0,0.7500000000000723,0.4871794871795091,0.6035281802385757,0.4712910961790565,8
2026-09-11T06:27:00Z,0.0782,0.0782,0.0782,0.0782,-1,0.5511771656870106,0.717020294613801,0.518719322247598,-0.6517983267038971,0.06754899274249646,0.92055749660351,0.00005616951566798643,0,0,,-50.54572112155971,29.333833136598475,60,-60,,,0.07819646338989704,-0.5938026847462576,-0.11914285246669343,0.518719322247598,-1,0.92055749660351,0.00005616951566798643,100,0.5522991623052095,0.7720243761886273,1,16.06851177788997,0,0.7500000000000723,0.5789473684211026,0.6035347146427364,0.4934127665197238,8
2026-09-11T06:28:00Z,0.0782,0.0782,0.07819,0.0782,-1,0.5511771656870106,0.717020294613801,0.5338332140684561,-0.5774577934064509,0.4297976052804455,0.8988295800730096,0.00005469919092610013,0,0,,40.963079116039346,-20.481539558019673,60,-60,,,0.07818829903260915,-0.5653049753297056,0.2947498125385076,0.5338332140684561,-1,0.8988295800730096,0.00005469919092610013,100,0.5463191646522432,0.7709719468003964,1,16.06851177788997,0,0.7142857142857898,0.5789473684211026,0.6111605460286965,0.5169614493916479,8
2026-09-11T06:29:00Z,0.07826,0.07826,0.07823,0.07823,-1,0.5511771656870106,0.717020294613801,0.544614399422006,-0.36423224162361173,1.0236183972408388,0.8737869476140445,0.00005306981970916282,0,0,,-5.591080372968609,-17.203774164119313,60,-60,,,0.07820090124622497,-0.41374373360063854,0.9749643280448416,0.544614399422006,-1,0.8737869476140445,0.00005306981970916282,100,0.5341731825573843,0.7707378897044267,1,0.024526544089741947,0.0000021908085004369464,0.6363636363637282,0.43589743589750524,0.6046418462740325,0.5277116939841792,8
2026-09-11T06:30:00Z,0.07819,0.0782,0.07818,0.0782,-1,0.5511771656870106,0.717020294613801,0.5565491089307549,-0.24717307982990672,0.5557043763116583,0.8909766792582774,0.00005402020788193703,0,0,,-20.288883692320056,-4.2254973209885485,60,-60,,,0.0781956182174655,-0.3184480583984055,0.6032699267752981,0.5565491089307549,-1,0.8909766792582774,0.00005402020788193703,100,0.5208139235738818,0.7695875596338653,1,16.06851177788997,0,0.6800000000000711,0.4500000000000642,0.6153478869683435,0.5454891689281619,8
2026-09-11T06:31:00Z,0.07821,0.07823,0.0782,0.07823,-1,0.5511771656870106,0.717020294613801,0.5602115327600623,-0.0928942381291111,0.7572211894300263,0.8970189249322912,0.000054374465939975755,0,0,,78.98341816791157,-51.4917099491435,60,-60,,,0.07820864301852087,-0.19040472974191514,0.8758496398966639,0.5602115327600623,-1,0.8970189249322912,0.000054374465939975755,100,0.5065846169388424,0.7683147113714098,1,0.024526544089741947,0.0000021908085004369464,0.5000000000000991,0.38095238095245804,0.6007542389304549,0.5343185219068993,8
2026-09-11T06:32:00Z,0.07823,0.07826,0.07822,0.07822,-1,0.5511771656870106,0.717020294613801,0.5618082037601061,-0.002548709362055132,0.44562288363522595,0.9113585535548998,0.00005523715316831786,0,0,,2.618205456022392,-21.30910272807168,60,-60,,,0.07821304473411782,-0.10079158160112583,0.6190991496913136,0.5618082037601061,-1,0.9113585535548998,0.00005523715316831786,100,0.5094371710462252,0.7667366347264695,1,0.5790427201177378,4.620050514092956e-9,0.39130434782619716,0.38095238095245804,0.5958303906673034,0.534172700853084,8
2026-09-11T06:33:00Z,0.07818,0.07818,0.07818,0.07818,-1,0.5511771656870106,0.717020294613801,0.5590397645615015,-0.06533987337840018,-0.30605005888507975,0.8888665078066281,0.000053829699109511604,0,0,,-52.55826109569194,12.093233671371415,60,-60,,,0.07819617757545735,-0.11821938411235915,-0.12598494169405616,0.5590397645615015,-1,0.8888665078066281,0.000053829699109511604,100,0.5097481660687347,0.7662281986544835,1,6.90320830905168,8.167004170510284,0.33333333333342147,0.5714285714286705,0.5840985796211419,0.5229071927074426,8
2026-09-11T06:34:00Z,0.07819,0.07819,0.07818,0.07818,-1,0.5511771656870106,0.717020294613801,0.5591136264113955,-0.14085185676895123,-0.3421691451430714,0.9148416860052687,0.00005536102756915692,0,0,,-7.398520316521949,-8.045372207120515,60,-60,,,0.07818541795553043,-0.1536727797228615,-0.21399227292642511,0.5591136264113955,-1,0.9148416860052687,0.00005536102756915692,100,0.5071136502053626,0.7648067630606414,1,6.90320830905168,8.167004170510284,0.4000000000000833,0.538461538461637,0.5890938464248319,0.5294288537975351,8
2026-09-11T06:35:00Z,0.07818,0.07818,0.07818,0.07818,-1,0.5394825903937072,0.7245457506637194,0.5596302403600885,-0.18364344833813434,-0.15698506281425711,0.8805382150400985,0.000053181358065136777,0,0,,-2.7020552639809425,-6.648907002929521,60,-60,,,0.07817945753679584,-0.17564036241899583,-0.08922638566397745,0.5596302403600885,-1,0.8805382150400985,0.000053181358065136777,100,0.5034306231814497,0.7636437703020434,1,0.004838174916647025,0.004838174916647025,0.3333333333334361,0.538461538461637,0.5918976563544643,0.5294292801604845,8
2026-09-11T06:36:00Z,0.07819,0.0782,0.07819,0.0782,-1,0.5394825903937072,0.7245457506637194,0.5582837383297587,-0.11657926999708729,0.3361186993808945,0.8590925185152111,0.000051772812899329344,0,0,,32.407943239465524,-20.575810921240596,60,-60,,,0.0781879605746249,-0.12084586412822645,0.36854279592339195,0.5582837383297587,-1,0.8590925185152111,0.000051772812899329344,100,0.5040184730053656,0.7632941206859744,1,1.8683205331278372e-7,2.294741747480104,0.0588235294117551,0.4634146341464009,0.5907556618597595,0.5204258066784393,8
2026-09-11T06:37:00Z,0.07819,0.07823,0.07819,0.07823,-1,0.5394825903937072,0.7245457506637194,0.5577245537875026,0.0494817747382055,0.8281996922553909,0.8653947934074063,0.00005191499003376596,0,0,,57.1765364112412,-30.363478053371608,60,-60,,,0.07820866864021797,0.009285926035335401,0.8696287131638825,0.5577245537875026,-1,0.8653947934074063,0.00005191499003376596,100,0.5037133141255146,0.7630080437273724,1,13.110026789039683,6.209574623348431,0.1578947368420822,0.34883720930240814,0.5945456340381657,0.5186667353678153,8
2026-09-11T06:39:00Z,0.07821,0.07821,0.07819,0.07819,-1,0.5394825903937072,0.7245457506637194,0.5550797440842408,0.052059023770872445,0.008400104837656741,0.8712006479650242,0.00005205082494306918,0,0,,-12.964079928207896,-13.517681819208175,60,-60,,,0.07820157833929281,0.02284598698324425,0.07740950474041453,0.5550797440842408,-1,0.8712006479650242,0.00005205082494306918,100,0.4980395378768735,0.7640240537558266,1,0.004292116207528564,0.004292116207528564,0.04347826086961769,0.36363636363644103,0.5887705473620622,0.5108097019933716,8
2026-09-11T06:40:00Z,0.07821,0.07821,0.07821,0.07821,-1,0.5394825903937072,0.7245457506637194,0.5532072151645375,0.07037714067992126,0.08438606444933827,0.8901678383148147,0.00005310746901881895,0,0,,-40.686034126156066,4.3430170948803095,60,-60,,,0.07820642568621992,0.04631578493539787,0.15033655385277794,0.5532072151645375,-1,0.8901678383148147,0.00005310746901881895,100,0.5022844069471442,0.7648114439648975,1,1.5633020021363424e-7,2.158351293601136,0.09090909090906797,0.36363636363639806,0.5896639102541142,0.5092604043961478,8
2026-09-11T06:41:00Z,0.07816,0.07816,0.07816,0.07816,-1,0.5394825903937072,0.7245457506637194,0.5475900294567367,-0.06835847569071232,-0.7130431763825734,0.8669486790422125,0.000051614590463625264,0,0,,-0.9897233002290015,-11.451695508750907,60,-60,,,0.07818444896197198,-0.045721628572411466,-0.6726535806296623,0.5475900294567367,-1,0.8669486790422125,0.000051614590463625264,100,0.5021540382633736,0.7665848464747634,1,10.79955198028099,2.1051685213432765e-10,0.1666666666667245,0.4285714285714771,0.5703691294161544,0.5023421866661159,8
2026-09-11T06:42:00Z,0.07819,0.07819,0.07819,0.07819,-1,0.5394825903937072,0.7245457506637194,0.5432508467968539,-0.1022323592674028,-0.1697346400460772,0.9138365473482932,0.000054399514691342245,0,0,,2.0638717943337737,-9.031980189054782,60,-60,,,0.07818471662338022,-0.07176122958064746,-0.18477577891870922,0.5432508467968539,-1,0.9138365473482932,0.000054399514691342245,100,0.49646172965664326,0.7680358121646537,1,0.004292116207528564,0.004292116207528564,0.16666666666665703,0.34615384615387795,0.5696167187762224,0.4995282441779537,8
2026-09-11T06:43:00Z,0.07818,0.07818,0.07818,0.07818,-1,0.5394825903937072,0.7245457506637194,0.5398668180306113,-0.1199214622772328,-0.07195043344303145,0.8768652768880961,0.000052180711884519295,0,0,,0.13540543829356305,-4.067702748060937,60,-60,,,0.07818069587689346,-0.09090913773769606,-0.11550196758100571,0.5398668180306113,-1,0.8768652768880961,0.000052180711884519295,100,0.4959797796277136,0.7686178813028787,1,0.1586879840033635,0.00004270752648743167,0.16666666666665703,0.2765957446808875,0.5649006966803274,0.5012968243159251,8
2026-09-11T06:44:00Z,0.07817,0.0782,0.07817,0.0782,-1,0.5394825903937072,0.7245457506637194,0.5456057703044097,-0.04531514306828392,0.3596124608056308,0.8037671984605709,0.000047778787397177044,0,0,,43.216016845762525,-21.61008269057993,60,-60,,,0.07818993276317254,-0.042230261846471634,0.318571572485754,0.5456057703044097,-1,0.8037671984605709,0.000047778787397177044,100,0.4920471453479216,0.7679347170726853,1,0.009599532071966751,0.009599532071966751,0.09090909090911385,0.11627906976744036,0.5891095902955207,0.5250577594084921,8
2026-09-11T06:46:00Z,0.07819,0.07819,0.07819,0.07819,-1,0.5394825903937072,0.7245457506637194,0.5455597225188014,-0.009649489471578704,0.168315913337765,0.776573331445939,0.000045982539687764816,0,0,,45.073686146785825,-22.536869385606686,60,-60,,,0.07819005808029023,-0.018101739676578663,0.15689568815080232,0.5455597225188014,-1,0.776573331445939,0.000045982539687764816,100,0.4915365728231312,0.7637456304064245,1,0.2903630420123435,0.00011675199445050536,0.04347826086954423,0.1627906976744306,0.5807480771949991,0.5101871767001701,8
2026-09-11T06:47:00Z,0.07821,0.07821,0.07821,0.07821,-1,0.532624504939387,0.7280247407273194,0.5440378417269902,0.07797830700660213,0.4374695803858202,0.74150222879264,0.000043694451744042624,0,0,,-0.39584853292125266,0.19797827814185648,60,-60,,,0.07820145244679354,0.05104571037193174,0.455439817416634,0.5440378417269902,-1,0.74150222879264,0.000043694451744042624,100,0.49339594510891566,0.7600973696077145,1,0.027289064749879344,0.027289064749879344,0.11999999999999555,0.06976744186047262,0.5808261825826295,0.5011619777041065,8
2026-09-11T06:48:00Z,0.07819,0.07827,0.07819,0.07826,-1,0.532624504939387,0.7280247407273194,0.541508191835328,0.2622555712752337,1.1884339162277073,0.7443799505271553,0.00004360202535191218,0,0,,46.462321865933205,-26.57317266987982,60,-60,,,0.0782313541684444,0.19534815821387397,1.247483495856796,0.541508191835328,-1,0.7443799505271553,0.00004360202535191218,100,0.49313645909406933,0.7571124289542245,1,7.849939898037233,14.385900672620608,0.21428571428566826,0.11111111111110426,0.5773654243597408,0.4955323597442661,8
2026-09-11T06:49:00Z,0.07826,0.07826,0.07823,0.07825,-1,0.532624504939387,0.7280247407273194,0.538505265326646,0.36186667635170333,0.6328782280993281,0.8448098201739649,0.000049179653509944,0,0,,65.04197424136981,-33.78109335494492,60,-60,,,0.07824576927591383,0.2826116410000803,0.7522909769678143,0.538505265326646,-1,0.8448098201739649,0.000049179653509944,100,0.4936643754113594,0.7535856675724347,1,18.693032432583717,3.874747803883607,0.07692307692309334,0.11111111111110426,0.5826971264336304,0.48230169818493407,8
2026-09-11T06:50:00Z,0.07824,0.07824,0.07824,0.07824,-1,0.532624504939387,0.7280247407273194,0.537422128447463,0.34551742729875057,-0.08724163085007408,0.8030490433522783,0.00004618270557256042,0,0,,14.566991170614259,-8.476215763829584,60,-60,,,0.07824861742406997,0.2942951281060313,0.06424352460031901,0.537422128447463,-1,0.8030490433522783,0.00004618270557256042,100,0.49582077601459223,0.7507001355327885,1,5.612136959101004e-9,16.37565595465602,0.21739130434784182,0.08695652173913175,0.5863188309426273,0.4841928784355662,8
2026-09-11T06:51:00Z,0.07823,0.07823,0.07823,0.07823,-1,0.532624504939387,0.7280247407273194,0.5343170698340052,0.23463906107269517,-0.5967764000256645,0.7735169350097661,0.00004403385082423231,0,0,,-2.7695183217574164,1.3850818354023127,60,-60,,,0.0782426955133221,0.23328193856968593,-0.4866194313850192,0.5343170698340052,-1,0.7735169350097661,0.00004403385082423231,100,0.4987193249179685,0.7483392456821688,1,0.023301851521944462,0.023301851521944462,0.09090909090904503,0,0.5762949565346802,0.4799189486794991,7
2026-09-11T06:53:00Z,0.07821,0.07821,0.07821,0.07821,-1,0.532624504939387,0.7280247407273194,0.530921339886759,0.047955342417790536,-0.9922867336178387,0.752818761122857,0.00004244774729608326,0,0,,-0.8664081731053228,0.4544886492245521,60,-60,,,0.07822710159553109,0.10076226715212627,-0.9775703807089584,0.530921339886759,-1,0.752818761122857,0.00004244774729608326,100,0.5076207648326866,0.7471053577031171,1,4.913287601063134,0.0000020240943247844613,0.26315789473687284,0.023255813953479365,0.5783982497254748,0.46986151025905865,7
2026-09-11T06:54:00Z,0.0782,0.0782,0.0782,0.0782,-1,0.532624504939387,0.7280247407273194,0.5270716413296025,-0.13111751057232762,-0.9297348516980557,0.7482978795959876,0.000041833223149791726,0,0,,0.10788357425758494,-0.05394178713106304,60,-60,,,0.07821178973338223,-0.042862669811502496,-1.024519142533381,0.5270716413296025,-1,0.7482978795959876,0.000041833223149791726,100,0.5198138826959904,0.7456188900751162,1,15.919203757698217,4.209293247063468e-9,0.05882352941182233,0.07317073170728736,0.5745005916745315,0.4642438967560476,7
2026-09-11T06:55:00Z,0.0782,0.0782,0.07816,0.07816,-1,0.532624504939387,0.7280247407273194,0.5236949054445209,-0.3592091159139392,-1.3006176056308427,0.7306381408664017,0.000040424766949732446,0,0,,0.049212381163626945,-20.02723729640599,60,-60,,,0.07818227568993341,-0.23666660763904768,-1.4871373703658062,0.5236949054445209,-1,0.7306381408664017,0.000040424766949732446,100,0.5301048011662176,0.7449708057978968,1,11.086494234849207,10.692861275818746,0.10000000000002082,0.13636363636363924,0.5785724130922468,0.455310454256469,7
2026-09-11T06:56:00Z,0.07817,0.07817,0.07817,0.07817,-1,0.532624504939387,0.7280247407273194,0.5248624941164797,-0.45910162741171023,-0.48884487002657395,0.781518577918079,0.000042868496716425556,0,0,,-0.0035715351019371486,-15.998173709083837,60,-60,,,0.0781700472649321,-0.3442455984332037,-0.7455588636784176,0.5248624941164797,-1,0.781518577918079,0.000042868496716425556,100,0.537515247063848,0.743335235775538,1,2.2692407627279705,19.858730824001736,0.15789473684209757,0.024390243902427465,0.5924762459252304,0.46191909699556405,7
2026-09-11T06:58:00Z,0.07817,0.07817,0.07817,0.07817,-1,0.532624504939387,0.7280247407273194,0.5294805069230727,-0.45155417930246633,0.15846659846552913,0.7607168546168014,0.00004137306588229628,0,0,,-0.002690974389249991,-11.998623980461497,60,-60,,,0.07816454607472222,-0.3770375674067769,-0.1059404598250423,0.5294805069230727,-1,0.7607168546168014,0.00004137306588229628,100,0.5402543543990871,0.7407835561389414,1,2.2692407627279705,19.858730824001736,0.11111111111105972,0.024390243902427465,0.5982889312508152,0.47914413382170234,7
2026-09-11T06:59:00Z,0.07817,0.07818,0.07817,0.07818,-1,0.5415304184838238,0.7282567874631263,0.5326679807351249,-0.33028047173081243,0.7402783875121809,0.7468995010157391,0.000040019745157681724,0,0,,0.0000749108993046237,11.999962460859459,60,-60,,,0.0781685365624401,-0.31642033850414897,0.5461459409317487,0.5326679807351249,-1,0.7468995010157391,0.000040019745157681724,100,0.5477730225872147,0.7386958182544534,1,0.22344115134735273,0.22344115134735273,0.17647058823530373,0,0.5974993862179031,0.4805864705005555,5
2026-09-11T07:00:00Z,0.0782,0.07821,0.07816,0.07821,-1,0.5415304184838238,0.7282567874631263,0.534865658747767,-0.0920798338380675,1.4273728860287003,0.7669736810086016,0.00004056101400801127,0,0,,0.00014223241603544777,15.999928861647852,60,-60,,,0.07818532405098123,-0.15049612913606922,1.3537346226726341,0.534865658747767,-1,0.7669736810086016,0.00004056101400801127,100,0.5496472512087005,0.7368063406062063,1,19.999964375946615,0.03113795246696777,0.33333333333327164,0.023255813953477863,0.5993853609965144,0.47913666854958814,5
2026-09-11T07:01:00Z,0.07826,0.07826,0.07826,0.07826,-1,0.5415304184838238,0.7282567874631263,0.5379574529074505,0.2403786893844415,2.1450126460914447,0.82306826563854,0.000043101856672915514,0,0,,0.0000019295307048410752,15.999999035232564,60,-60,,,0.07821783548758304,0.09210659584040584,2.218321626641254,0.5379574529074505,-1,0.82306826563854,0.000043101856672915514,100,0.5458915512745465,0.7359164385415632,1,7.4626483256760245,0.00021588234646062587,0.05263157894734535,0.06666666666666667,0.611509753712652,0.4767723287409823,5
2026-09-11T07:02:00Z,0.07824,0.07824,0.07824,0.07824,-1,0.5415304184838238,0.7282567874631263,0.5413353869634402,0.42119664693434344,1.1244265293444127,0.9314946916149948,0.000048422652090244905,0,0,,-0.000007277442263772404,12.000003646759978,60,-60,,,0.07823248528423754,0.24370055224471718,1.3539315558292837,0.5413353869634402,-1,0.9314946916149948,0.000048422652090244905,100,0.5398274509943508,0.7359271171112651,1,0.22092504215450076,16.7469318087826,0,0.11627906976745386,0.6191253170802469,0.4770571930705926,5
2026-09-11T07:03:00Z,0.07825,0.07825,0.07825,0.07825,-1,0.5415304184838238,0.7282567874631263,0.5437469625230212,0.5073974669098603,0.47455697421278753,0.8849959209011695,0.00004568524378692468,0,0,,-3.967545956804164e-7,8.000000198595071,60,-60,,,0.07824658957369164,0.34711070712999853,0.8090219678559156,0.5437469625230212,-1,0.8849959209011695,0.00004568524378692468,100,0.5400578785860476,0.735336823844947,1,0.10977715156529878,0.10977715156529878,0.1000000000000347,0.09523809523808736,0.6342628177585058,0.46287740952586054,4
2026-09-11T07:04:00Z,0.07828,0.0783,0.07828,0.0783,-1,0.5415304184838238,0.7282567874631263,0.5450751610050903,0.6455678862639752,0.8368398890398512,0.853234211989946,0.00004375087748287365,1,0,,3.601952768224336e-7,19.999999723122002,60,-60,,,0.07827855996747127,0.48777657664632446,1.200601352626788,0.5450751610050903,-1,0.853234211989946,0.00004375087748287365,100,0.5394899980439608,0.7347659389433637,1,4.149622609038627,53.73771766765601,0.391304347826066,0.3333333333333333,0.6418767688868062,0.45358634705165063,4
2026-09-11T07:05:00Z,0.07829,0.0783,0.07829,0.07829,-1,0.5415304184838238,0.7282567874631263,0.5481251265305398,0.6774601829035566,0.13432626314781992,0.9502598224054586,0.00004846868922988678,0,0,,3.521790109714676e-8,-4.0000000194919245,60,-60,,,0.0782931313987934,0.558641166390202,0.49305563890636894,0.5481251265305398,-1,0.9502598224054586,0.00004846868922988678,100,0.5329865652672596,0.7335403283225572,1,14.828534650108576,10.69327668149986,0.391304347826066,0.25000000000000866,0.6479893179600517,0.460460797202826,4
2026-09-11T07:06:00Z,0.07832,0.07835,0.07832,0.07835,-1,0.5415304184838238,0.7282567874631263,0.5544755425207107,0.7716949113359856,0.6409059908948012,0.8947948603275696,0.000045399509825099614,0,0,,-1.7192002901738368e-8,-3.99999999139947,60,-60,,,0.07832866789036372,0.6592303138794743,0.9604273103918964,0.5544755425207107,-1,0.8947948603275696,0.000045399509825099614,100,0.5243917076852534,0.7336037722430795,1,0.052687070877112156,0,0.76000000000008,0.37777777777778054,0.6570818903481592,0.4772708586539457,4
2026-09-11T07:08:00Z,0.07835,0.07835,0.07835,0.07835,-1,0.5415304184838238,0.7282567874631263,0.5610140741742574,0.8241086692486926,0.18603672837078777,1.0184060953129,0.000051501201477071375,0,0,,-2.522979354457675e-9,-3.999999998737845,60,-60,,,0.07835025402596604,0.737630222789918,0.4722492376446399,0.5610140741742574,-1,1.0184060953129,0.000051501201477071375,100,0.5128637362915612,0.733655680905325,1,0.052687070877112156,0,0.7500000000000723,0.3488372093023196,0.6514131483205361,0.4967691266421651,4
2026-09-11T07:09:00Z,0.07833,0.07835,0.07831,0.07831,-1,0.5415304184838238,0.7282567874631263,0.5580723320381082,0.5948616644915472,-1.018088798374735,0.9446143136363137,0.00004746824551733902,0,0,,7.862087183088881e-10,-4.000000000783641,60,-60,,,0.07834112293337582,0.6070417708203908,-0.8169476337006649,0.5580723320381082,-1,0.9446143136363137,0.00004746824551733902,100,0.5113889682149958,0.7349116376109197,1,0.4271933506648667,99.34663202509326,0.5000000000000495,0.26086956521741755,0.6145748062521321,0.48980288927948784,4
2026-09-11T07:10:00Z,0.07837,0.07837,0.07837,0.07837,-1,0.5311093719619083,0.7314487022250548,0.5510549744807541,0.5204014235222136,-0.22612320247177764,0.9664735255608369,0.000048333637031931274,0,0,,1.6256874381212907e-10,-4.0000000000812985,60,-60,,,0.07836138114802628,0.5560323885698253,-0.15677683650634666,0.5510549744807541,-1,0.9664735255608369,0.000048333637031931274,100,0.5064481853783218,0.7368935796187039,1,0.018407934627281734,0.018407934627281734,0.5757575757576165,0.32000000000000445,0.5875071777343893,0.4865333409977024,7
2026-09-11T07:11:00Z,0.07838,0.07838,0.07838,0.07838,-1,0.5311093719619083,0.7314487022250548,0.5697314286267355,0.5139660217475337,-0.021793801169158245,1.055781779625516,0.000052686876074976,0,0,,-3.402854319493531e-11,1.7014316759052054e-11,60,-60,,,0.07837809542625929,0.5508703710595276,-0.02465201506287873,0.5697314286267355,-1,1.055781779625516,0.000052686876074976,100,0.5038523592235328,0.7423362936335449,1,0.0002654335458359934,0.46963432999857635,0.5483870967742456,0.26086956521741755,0.6367507758962373,0.5774178979411597,7
2026-09-11T07:12:00Z,0.07839,0.07842,0.07838,0.07842,-1,0.5311093719619083,0.7314487022250548,0.5870464073960655,0.6018672536678833,0.42092642039803424,0.9586008493965888,0.00004773640247430676,0,0,,-9.796516055008245e-12,5.340719812327496e-12,60,-60,,,0.07840706867309119,0.6045789940955801,0.39830223098569634,0.5870464073960655,-1,0.9586008493965888,0.00004773640247430676,100,0.49715437776310717,0.7475072309983419,1,9.033043631815923,12.340741480891149,0.533333333333392,0.34693877551021796,0.6394191788647865,0.6039335510046646,7
2026-09-11T07:13:00Z,0.07842,0.07842,0.07835,0.07835,-1,0.5311093719619083,0.7314487022250548,0.5896855528518132,0.3985383545198371,-0.9000001421897152,0.969137443878766,0.00004812661439253945,0,0,,1.360183780287255e-12,-6.80091899719529e-13,60,-60,,,0.07839149949991384,0.4520384516145559,-0.9276512505690622,0.5896855528518132,-1,0.969137443878766,0.00004812661439253945,100,0.4987544354530424,0.7541818174211856,1,4.407782201571345,0.0000014080305317628908,0.3142857142857211,0.2,0.6190192153187921,0.5709084722078253,7
2026-09-11T07:14:00Z,0.07836,0.07836,0.07836,0.07836,-1,0.5311093719619083,0.7314487022250548,0.5902565568743592,0.1979208953222674,-0.9357779113424911,1.1150580952013383,0.00005542112055586422,0,0,,5.621732320461855e-13,-2.8108736212126453e-13,60,-60,,,0.07838312283546704,0.3033366401926276,-1.0282493721732253,0.5902565568743592,-1,1.1150580952013383,0.00005542112055586422,100,0.4974599021759825,0.7593524436591174,1,0.469634329996791,0.0002654335458377394,0.3142857142857211,0.2363636363636538,0.6064511282486451,0.5763460015902572,7
2026-09-11T07:15:00Z,0.07836,0.07836,0.07836,0.07836,-1,0.5311093719619083,0.7314487022250548,0.5894999659658147,0.02431199051437391,-0.7407710533544324,1.00522153473069,0.000049913989157610084,0,0,,-4.740809952527851e-14,2.381537211792413e-14,60,-60,,,0.07837255314868798,0.15906816063528087,-0.9229040826762602,0.5894999659658147,-1,1.00522153473069,0.000049913989157610084,100,0.493758916735036,0.7632327208087157,1,0.469634329996791,0.0002654335458377394,0.2000000000000185,0.2830188679245293,0.5986272159753443,0.5773463523221072,7
2026-09-11T07:16:00Z,0.07842,0.07842,0.07842,0.07842,-1,0.5311093719619083,0.7314487022250548,0.5851207385299151,0.1283796761211758,0.4538090882255118,0.9276454949105407,0.00004601132862664275,0,0,,-3.1009788820367744e-14,1.690545828732277e-14,60,-60,,,0.07839768863206237,0.20182337423378857,0.24946221065726082,0.5851207385299151,-1,0.9276454949105407,0.00004601132862664275,100,0.49789518603809024,0.7674908757028381,1,9.033043631815923,12.340741480891149,0.37142857142858277,0.3793103448275846,0.5811437898386757,0.5715807774775562,7
2026-09-11T07:17:00Z,0.07842,0.07842,0.0784,0.0784,-1,0.5311093719619083,0.7314487022250548,0.5956374982793142,0.17705989750464485,0.19763424524714718,1.034456328548419,0.00005129934475065398,0,0,,1.1865463641664907e-15,-6.835633899929126e-16,60,-60,,,0.078402721805436,0.21462211252017424,0.04882141032355439,0.5956374982793142,-1,1.034456328548419,0.00005129934475065398,100,0.4996629976011506,0.7688573046210323,1,2.747728723705437e-9,15.218993650213237,0.16129032258062495,0.42857142857144276,0.6137343077462329,0.6196077278099923,7
2026-09-11T07:18:00Z,0.07838,0.07838,0.07838,0.07838,-1,0.5311093719619083,0.7314487022250548,0.5995633709138593,0.10678587628587774,-0.30910457398210384,0.9699353259068939,0.000047882009320724734,0,0,,1.6522259957012847e-15,-8.299927080931294e-16,60,-60,,,0.07839385431529124,0.14740514892714565,-0.42156493557371366,0.5995633709138593,-1,0.9699353259068939,0.000047882009320724734,100,0.4971712083802189,0.7699752919177366,1,0.0002654335458359934,0.46963432999857635,0.09090909090909856,0.36842105263159947,0.6068383075650132,0.6079919248008853,7
2026-09-11T07:19:00Z,0.07842,0.07842,0.07838,0.07838,-1,0.5311093719619083,0.7314487022250548,0.6003127087615937,0.02646215154077071,-0.35598641789565766,0.9329024367987486,0.00004575422796229848,0,0,,-29.717132923604925,-5.1413940985777185,60,-60,,,0.07838774396462335,0.07251887042490392,-0.46094196186972364,0.6003127087615937,-1,0.9329024367987486,0.00004575422796229848,100,0.5013101184533243,0.7700455219829758,1,0.0002654335458359934,0.46963432999857635,0.2413793103448309,0.36842105263159947,0.6008293974261305,0.6027933714879951,7
2026-09-11T07:20:00Z,0.07839,0.07839,0.07839,0.07839,-1,0.5275339861773888,0.7377827314102061,0.6014925050032739,0.005509884553272802,-0.08965359193763195,0.884651971186677,0.0000431289416480332,0,0,,-30.92975832468032,-0.529852176830655,60,-60,,,0.07838897464737947,0.041600825361118074,-0.19226797464684414,0.6014925050032739,-1,0.884651971186677,0.0000431289416480332,100,0.5031527787612745,0.7693619475757779,1,0.03406855478064788,0.03406855478064788,0.08333333333335742,0.36842105263159947,0.6016311311274838,0.6060730638457847,7
2026-09-11T07:21:00Z,0.07838,0.07842,0.07838,0.07842,-1,0.5275339861773888,0.7377827314102061,0.6010080482092105,0.10924412756996921,0.5033863412372115,0.8421085793267069,0.00004080536918025659,0,0,,0.27484554238292325,7.839223683507301,60,-60,,,0.07840586038624417,0.10792934389091542,0.4303088101635371,0.6010080482092105,-1,0.8421085793267069,0.00004080536918025659,100,0.5011610121656116,0.7686040969103142,1,8.428745995245077e-9,16.993941468914866,0.15384615384614975,0.36842105263159947,0.5902621687711452,0.6098161004710225,7
2026-09-11T07:23:00Z,0.07839,0.07839,0.07839,0.07839,-1,0.5275339861773888,0.7377827314102061,0.5997014462441353,0.08758819893057637,-0.12058675384108297,0.8503954665690041,0.00004092963658319863,0,0,,1.6108843670796598,7.194283413948645,60,-60,,,0.07840013969527573,0.08785793719346616,-0.14912722040645005,0.5997014462441353,-1,0.8503954665690041,0.00004092963658319863,100,0.4963122630813872,0.7679840372749348,1,0.03406855478064788,0.03406855478064788,0.12000000000000888,0.2363636363636538,0.5862640764443319,0.607912408183638,7
2026-09-11T07:24:00Z,0.07845,0.07852,0.07843,0.07843,-1,0.5275339861773888,0.7377827314102061,0.5980268138780028,0.12735773066358858,0.3400398837354042,0.9374436978619333,0.00004495662295521144,0,0,,-50.48958343129303,37.84937587672562,60,-60,,,0.07841250049485135,0.10904218085214003,0.32757432615240983,0.5980268138780028,-1,0.9374436978619333,0.00004495662295521144,100,0.49018758314930316,0.7677878383047814,1,18.23973916261396,4.609948563802517,0.36363636363635216,0.3333333333333333,0.5837640570046998,0.6055910412867755,7
2026-09-11T07:25:00Z,0.07842,0.07843,0.07836,0.07836,-1,0.5275339861773888,0.7377827314102061,0.5900235968766487,0.022309278275790406,-0.5596464856943031,1.0067073557347888,0.00004813403062731378,0,0,,-100.34475014692256,66.69863912700973,60,-60,,,0.07839589274293127,0.04424698599144905,-0.558021023873845,0.5900235968766487,-1,1.0067073557347888,0.00004813403062731378,100,0.4846973060662708,0.7697051202382775,1,16.993941468914866,8.428745995245077e-9,0,0.17460317460317532,0.5635942807982343,0.5844400449496467,7
2026-09-11T07:26:00Z,0.07839,0.07839,0.07838,0.07838,-1,0.5275339861773888,0.7377827314102061,0.5842023523082832,-0.05662803187182022,-0.41149275988796885,1.2109548187450658,0.000058008132236455134,0,0,,-74.00656040933109,41.27505043732942,60,-60,,,0.07838967436846853,-0.006457846306139797,-0.44161390729616734,0.5842023523082832,-1,1.2109548187450658,0.000058008132236455134,100,0.48189759665003906,0.7712738054565926,1,0.7344490303581463,0.0005813682067895816,0.06666666666668516,0.1333333333333503,0.5625841587199844,0.5825355676231196,7
2026-09-11T07:27:00Z,0.07839,0.07839,0.07834,0.07838,-1,0.5275339861773888,0.7377827314102061,0.5803352992934688,-0.1005876297804899,-0.23049069746581424,1.1408683884901567,0.00005465481353435711,0,0,,7.993985694595169,16.003002220207208,60,-60,,,0.07838421411435773,-0.042418141860808584,-0.29931021024647847,0.5803352992934688,-1,1.1408683884901567,0.00005465481353435711,100,0.4780827242780845,0.7725572751806685,1,85.90690760284437,0.00012340515477254324,0.16666666666665703,0.1525423728813655,0.562925543725429,0.5822768428022514,8
2026-09-11T07:28:00Z,0.07835,0.07838,0.07835,0.07838,-1,0.5275339861773888,0.7377827314102061,0.5780250954189724,-0.11223309914020525,-0.07094045807601468,1.0861516414374,0.000051959888609931516,0,0,,51.994410448643656,-9.997237306213169,60,-60,,,0.07838057467796736,-0.06312553916227814,-0.1617586435141238,0.5780250954189724,-1,1.0861516414374,0.000051959888609931516,100,0.48780929376591753,0.7736073867730943,1,85.90690760284437,0.00012340515477254324,0.0909090909090565,0.05660377358490961,0.5659900980821886,0.5808192772577703,8
2026-09-11T07:29:00Z,0.07838,0.07838,0.07838,0.07838,-1,0.5275339861773888,0.7377827314102061,0.5787264478062545,-0.10273663561779775,0.03694778003114431,1.0519512720971622,0.00005024548797515141,0,0,,18.861610058577497,2.5691833326117095,60,-60,,,0.0783788017181608,-0.07085033250711373,-0.05125693990182276,0.5787264478062545,-1,1.0519512720971622,0.00005024548797515141,100,0.5004817258596033,0.7737819835551097,1,85.90690760284437,0.00012340515477254324,0,0.05660377358490961,0.569936370592237,0.5903219345694005,8
2026-09-11T07:30:00Z,0.07838,0.07838,0.07837,0.07838,-1,0.5275339861773888,0.7377827314102061,0.5805068479381252,-0.08136481135663184,0.08931062378563107,1.0245692254015373,0.00004880026850205194,0,0,,48.619651511114654,-16.310427530449296,60,-60,,,0.07837824386499273,-0.06713126953169027,0.02206999953797667,0.5805068479381252,-1,1.0245692254015373,0.00004880026850205194,100,0.5185525085950662,0.7728835789943649,1,86.2367887228936,0.002475438935764186,0,0.14285714285714285,0.5711391178633347,0.5969961785403987,8
2026-09-11T07:31:00Z,0.07831,0.07831,0.0783,0.0783,-1,0.5366717125707304,0.7444981049091776,0.5807473180338399,-0.26031110540932534,-0.8309093129782603,1.0088578358306783,0.00004789456996741462,0,0,,2.422847426290365,-17.2114285272547,60,-60,,,0.07833826990340687,-0.20930741088510504,-0.8870194474903044,0.5807473180338399,-1,1.0088578358306783,0.00004789456996741462,100,0.5293232309124665,0.7732169802053075,1,0.000397392709589355,0.000397392709589355,0.3333333333333333,0.13725490196077897,0.5671970642897478,0.5952594521607912,7
2026-09-11T07:32:00Z,0.0783,0.0783,0.07828,0.07829,-1,0.5366717125707304,0.7444981049091776,0.5939181111450824,-0.4260456768922333,-0.7284076583750164,1.2801415079700038,0.000061000472316488457,0,0,,-51.540422356727774,9.776728464209874,60,-60,,,0.07831074013504884,-0.3413960099038489,-0.8099154397523146,0.5939181111450824,-1,1.2801415079700038,0.000061000472316488457,100,0.5363863618985376,0.7720537310369453,1,0.02528999782298947,0.000002297187884065676,0.5199999999999911,0.17647058823530373,0.5998982398844873,0.6406211548506474,7
2026-09-11T07:33:00Z,0.07828,0.07829,0.07828,0.07829,-1,0.5366717125707304,0.7444981049091776,0.6077396247472289,-0.513671449216692,-0.3247340669439299,1.1710685499293736,0.00005589529001834948,0,0,,45.967197906071654,-34.98359948101228,60,-60,,,0.07829178093907774,-0.4281651587174261,-0.4450711679214921,0.6077396247472289,-1,1.1710685499293736,0.00005589529001834948,100,0.5427588903426506,0.770255645107487,1,0.02528999782298947,0.000002297187884065676,0.4545454545454431,0.27659574468085485,0.6193928669657286,0.6513724369373151,7
2026-09-11T07:34:00Z,0.07834,0.07842,0.07831,0.07831,-1,0.5366717125707304,0.7444981049091776,0.6178021713965268,-0.41764429587354834,0.24930420900624128,1.1531697272035775,0.000055124074303226674,0,0,,2.199654110788617,-21.1002090189319,60,-60,,,0.07828970588269432,-0.376680270408253,0.1338893678787066,0.6178021713965268,-1,1.1531697272035775,0.000055124074303226674,100,0.5446716207538735,0.7687844838924757,1,0.000004909686772502338,0.034729418204174634,0.5999999999999167,0.09523809523808736,0.6272206336269185,0.648633895763327,7
2026-09-11T07:35:00Z,0.07832,0.07835,0.0783,0.0783,-1,0.5366717125707304,0.7444981049091776,0.6231754897835758,-0.30968388641887423,0.3667130052491756,1.1666582703276842,0.000055823687072673614,0,0,,-65.94641724330052,16.973509450199785,60,-60,,,0.0782870881582903,-0.313232117455178,0.2916895405510834,0.6231754897835758,-1,1.1666582703276842,0.000055823687072673614,100,0.5454327898418184,0.7675808065347391,1,0.0009123423594504768,0.0009123423594504768,0.4285714285713719,0.14285714285714285,0.6289243246599169,0.638919928455431,7
2026-09-11T07:36:00Z,0.07829,0.07831,0.07829,0.07831,-1,0.5366717125707304,0.7444981049091776,0.6265451116031289,-0.18143979016201886,0.477081846055115,1.166673119138814,0.000055929907096735215,0,0,,1.3328447459068036,6.675837597065511,60,-60,,,0.07829311539413449,-0.22945206477169156,0.46279123152545437,0.6265451116031289,-1,1.166673119138814,0.000055929907096735215,100,0.5414272718575972,0.7656624205781748,1,0.00007453306344144327,98.6971711448045,0.5384615384614071,0.11627906976741784,0.619784276478864,0.6467844340056059,8
2026-09-11T07:39:00Z,0.07828,0.07828,0.07828,0.07828,-1,0.5366717125707304,0.7444981049091776,0.6292905404494299,-0.1498323424189149,0.12024193572556452,1.1633242360978515,0.000055778628221292865,0,0,,20.724119627811007,-2.3620712673315154,60,-60,,,0.07828359311872442,-0.20203943676821828,0.16161061866079257,0.6292905404494299,-1,1.1633242360978515,0.000055778628221292865,100,0.5446114635483528,0.765177369279011,1,0.00011053232869235707,0.00011053232869235707,0.6249999999998808,0.3499999999999688,0.6159170332724052,0.6536457630116589,6
2026-09-11T07:40:00Z,0.07829,0.07829,0.07828,0.07828,-1,0.5366717125707304,0.7444981049091776,0.6329690519649984,-0.1406763008802192,0.04836372911546487,1.1966838119060283,0.000057503947644307326,0,0,,-15.849294122317204,-0.07534417954445871,60,-60,,,0.07827841175886546,-0.1868095592283444,0.11279688350375669,0.6329690519649984,-1,1.1966838119060283,0.000057503947644307326,100,0.544055044642746,0.7643412016846338,1,0.00011053232869235707,0.00011053232869235707,0.6249999999998808,0.31578947368417015,0.6141739136779198,0.6664782363143511,6
2026-09-11T07:41:00Z,0.07831,0.07831,0.07826,0.07828,-1,0.5366717125707304,0.7444981049091776,0.6343930684574072,-0.12349051976140117,0.06545787099191638,1.1810826913235122,0.000056970233467359484,0,0,,-29.40431584493036,2.702174173102698,60,-60,,,0.07827603963127237,-0.16222180169112446,0.13433495818582408,0.6343930684574072,-1,1.1810826913235122,0.000056970233467359484,100,0.5414123780961123,0.7624638276281864,1,0.00011053232869235707,0.00011053232869235707,0.6249999999998808,0.2777777777777542,0.5944131425326059,0.6800690603518431,6
2026-09-11T07:43:00Z,0.07828,0.07828,0.07828,0.07828,-1,0.5366717125707304,0.7444981049091776,0.6394058463171178,-0.10112008654216624,0.09328112855545412,1.1668005677540338,0.000056526137035711806,0,0,,-11.439860636430803,-6.28006335941242,60,-60,,,0.07827579013438114,-0.13500941822307816,0.16128014431424842,0.6394058463171178,-1,1.1668005677540338,0.000056526137035711806,100,0.5323081687028591,0.7593699352211599,1,0.00011053232869235707,0.00011053232869235707,0.6249999999998808,0.2777777777777542,0.6064382472803154,0.6924245567927633,6
2026-09-11T07:44:00Z,0.07829,0.07829,0.07828,0.07828,-1,0.5301930575010995,0.7433385168936892,0.649160869378252,-0.07522689693465075,0.10352684133850518,1.1553379318801584,0.0000562602767237755,0,0,,-9.209772152917564,-7.394980102277327,60,-60,,,0.07827639322476489,-0.10528043576951987,0.16721094312321536,0.649160869378252,-1,1.1553379318801584,0.0000562602767237755,100,0.5266228852455684,0.7555063780580384,1,0.0029060711094487683,0.0029060711094487683,0.24999999999982653,0.31428571428567126,0.6250142913343909,0.7123275396666497,7
2026-09-11T07:45:00Z,0.07826,0.07826,0.07824,0.07824,-1,0.5301930575010995,0.7433385168936892,0.6638942705532364,-0.16757194189503655,-0.3377518429614169,1.1447406930281447,0.000055999850604374185,0,0,,-32.51043658603692,11.439332109056675,60,-60,,,0.07825609500230893,-0.1652036023715662,-0.2902711234842976,0.6638942705532364,-1,1.1447406930281447,0.000055999850604374185,100,0.5235036075387303,0.7519661208174072,1,19.588256267255296,0,0.454545454545294,0.49999999999994216,0.644413257616131,0.7423088881902787,7
2026-09-11T07:46:00Z,0.07824,0.07824,0.0782,0.0782,-1,0.5301930575010995,0.7433385168936892,0.6977364783105495,-0.3421899504702367,-0.6742932835229913,1.1968705418176573,0.000058749909288041634,0,0,,-54.071425794445354,25.51519597269402,60,-60,,,0.07822476889123046,-0.2911898730154123,-0.6691836822738794,0.6977364783105495,-1,1.1968705418176573,0.000058749909288041634,100,0.5201718442037643,0.760445211315379,1,9.17113998398042,8.887487803260028,0.599999999999852,0.5135135135134506,0.7142181008046572,0.8166236868456944,7
2026-09-11T07:48:00Z,0.07821,0.07821,0.07817,0.07817,-1,0.5301930575010995,0.7433385168936892,0.7239924341004202,-0.5252974011467098,-0.7117335545039611,1.1805526259918984,0.00005821168508798805,0,0,,-81.65956856537478,46.895557961180025,60,-60,,,0.0781902985577984,-0.43285033840518056,-0.7688315531588754,0.7239924341004202,-1,1.1805526259918984,0.00005821168508798805,100,0.5201718442037643,0.760445211315379,1,14.85624718586777,4.31574216248648,0.8749999999998915,0.7222222222221302,0.7383041866810467,0.8147045046792769,7